file,num_strings,status
script\ai\ai_chr0001_enemy.dat,14,ok
script\ai\ai_chr0102_enemy.dat,22,ok
script\ai\ai_chr0102_enemy_2.dat,25,ok
script\ai\ai_chr0303_enemy.dat,17,ok
script\ai\ai_chr5303_enemy.dat,4,ok
script\ai\ai_mon0000_lv0.dat,5,ok
script\ai\ai_mon0000_lv0_side.dat,4,ok
script\ai\ai_mon0000_lv1.dat,8,ok
script\ai\ai_mon0000_lv1_side.dat,5,ok
script\ai\ai_mon0000_lv2.dat,9,ok
script\ai\ai_mon0000_lv2_side.dat,6,ok
script\ai\ai_mon0000_lv3.dat,10,ok
script\ai\ai_mon0000_lv3_side.dat,7,ok
script\ai\ai_mon0001_lv1.dat,8,ok
script\ai\ai_mon0001_lv1_side.dat,4,ok
script\ai\ai_mon0001_lv2.dat,9,ok
script\ai\ai_mon0001_lv2_side.dat,5,ok
script\ai\ai_mon0001_lv3.dat,10,ok
script\ai\ai_mon0001_lv3_side.dat,6,ok
script\ai\ai_mon0002_lv0.dat,7,ok
script\ai\ai_mon0002_lv0_side.dat,4,ok
script\ai\ai_mon0002_lv1.dat,8,ok
script\ai\ai_mon0002_lv1_side.dat,5,ok
script\ai\ai_mon0002_lv2.dat,9,ok
script\ai\ai_mon0002_lv2_side.dat,6,ok
script\ai\ai_mon0002_lv3.dat,11,ok
script\ai\ai_mon0002_lv3_side.dat,8,ok
script\ai\ai_mon0003_c_lv1_side.dat,1,ok
script\ai\ai_mon0003_c_lv2_side.dat,1,ok
script\ai\ai_mon0003_c_lv3_side.dat,1,ok
script\ai\ai_mon0003_lv1.dat,3,ok
script\ai\ai_mon0003_lv1_side.dat,3,ok
script\ai\ai_mon0003_lv2.dat,4,ok
script\ai\ai_mon0003_lv2_side.dat,4,ok
script\ai\ai_mon0003_lv3.dat,4,ok
script\ai\ai_mon0003_lv3_side.dat,4,ok
script\ai\ai_mon0003_w_lv1_side.dat,4,ok
script\ai\ai_mon0003_w_lv2_side.dat,4,ok
script\ai\ai_mon0003_w_lv3_side.dat,4,ok
script\ai\ai_mon0004_c10_lv1.dat,9,ok
script\ai\ai_mon0004_c10_lv1_side.dat,6,ok
script\ai\ai_mon0004_lv1.dat,8,ok
script\ai\ai_mon0004_lv1_side.dat,5,ok
script\ai\ai_mon0004_lv2.dat,8,ok
script\ai\ai_mon0004_lv2_side.dat,5,ok
script\ai\ai_mon0004_lv3.dat,9,ok
script\ai\ai_mon0004_lv3_side.dat,6,ok
script\ai\ai_mon0005_lv1.dat,8,ok
script\ai\ai_mon0005_lv1_side.dat,4,ok
script\ai\ai_mon0005_lv2.dat,8,ok
script\ai\ai_mon0005_lv2_side.dat,5,ok
script\ai\ai_mon0006_lv1.dat,10,ok
script\ai\ai_mon0006_lv1_side.dat,8,ok
script\ai\ai_mon0007_lv1.dat,7,ok
script\ai\ai_mon0007_lv1_side.dat,4,ok
script\ai\ai_mon0008_lv1.dat,10,ok
script\ai\ai_mon0008_lv1_side.dat,7,ok
script\ai\ai_mon0009_lv1.dat,4,ok
script\ai\ai_mon0009_lv1_side.dat,3,ok
script\ai\ai_mon0009_lv2.dat,6,ok
script\ai\ai_mon0009_lv2_side.dat,5,ok
script\ai\ai_mon0011_lv1.dat,8,ok
script\ai\ai_mon0011_lv1_side.dat,6,ok
script\ai\ai_mon0012_lv1.dat,7,ok
script\ai\ai_mon0012_lv1_side.dat,5,ok
script\ai\ai_mon0013_lv1.dat,9,ok
script\ai\ai_mon0013_lv1_side.dat,7,ok
script\ai\ai_mon0014_c10_lv1.dat,8,ok
script\ai\ai_mon0014_c10_lv1_side.dat,6,ok
script\ai\ai_mon0014_c10_lv2.dat,13,ok
script\ai\ai_mon0014_c10_lv2_side.dat,9,ok
script\ai\ai_mon0014_lv1.dat,9,ok
script\ai\ai_mon0014_lv1_side.dat,7,ok
script\ai\ai_mon0014_lv2.dat,13,ok
script\ai\ai_mon0014_lv2_side.dat,9,ok
script\ai\ai_mon0015_lv1.dat,9,ok
script\ai\ai_mon0015_lv1_side.dat,9,ok
script\ai\ai_mon0016_lv1.dat,11,ok
script\ai\ai_mon0100_lv1.dat,17,ok
script\ai\ai_mon0100_lv1_side.dat,9,ok
script\ai\ai_mon0100_lv2.dat,20,ok
script\ai\ai_mon0101_lv1.dat,8,ok
script\ai\ai_mon0101_lv1_side.dat,8,ok
script\ai\ai_mon0101_lv2.dat,9,ok
script\ai\ai_mon0101_lv2_side.dat,8,ok
script\ai\ai_mon0101_lv3.dat,10,ok
script\ai\ai_mon0101_lv3_side.dat,9,ok
script\ai\ai_mon0102_lv1.dat,15,ok
script\ai\ai_mon0102_lv1_side.dat,9,ok
script\ai\ai_mon0103_lv1.dat,7,ok
script\ai\ai_mon0103_lv1_side.dat,5,ok
script\ai\ai_mon0103_lv2.dat,6,ok
script\ai\ai_mon0103_lv3.dat,8,ok
script\ai\ai_mon0104_lv1.dat,12,ok
script\ai\ai_mon0104_lv1_side.dat,7,ok
script\ai\ai_mon0105_lv1.dat,13,ok
script\ai\ai_mon0105_lv1_side.dat,9,ok
script\ai\ai_mon0105_lv2.dat,14,ok
script\ai\ai_mon0105_tu1.dat,11,ok
script\ai\ai_mon0106_lv1.dat,9,ok
script\ai\ai_mon0106_lv1_side.dat,7,ok
script\ai\ai_mon0107_lv1.dat,9,ok
script\ai\ai_mon0107_lv1_side.dat,7,ok
script\ai\ai_mon0107_lv2.dat,10,ok
script\ai\ai_mon0107_lv2_side.dat,8,ok
script\ai\ai_mon0108_lv1.dat,11,ok
script\ai\ai_mon0108_lv1_side.dat,9,ok
script\ai\ai_mon0110_lv1.dat,10,ok
script\ai\ai_mon0110_lv1_side.dat,8,ok
script\ai\ai_mon0111_lv1.dat,13,ok
script\ai\ai_mon0111_lv1_side.dat,0,empty
script\ai\ai_mon0112_lv1.dat,15,ok
script\ai\ai_mon0112_lv1_side.dat,7,ok
script\ai\ai_mon1000_c10_lv1.dat,17,ok
script\ai\ai_mon1000_lv1.dat,12,ok
script\ai\ai_mon1000_lv2.dat,15,ok
script\ai\ai_mon1000_tu1.dat,6,ok
script\ai\ai_mon1000_tu2.dat,6,ok
script\ai\ai_mon1001_c10_lv1.dat,19,ok
script\ai\ai_mon1001_lv1.dat,17,ok
script\ai\ai_mon1002_c10_lv1.dat,14,ok
script\ai\ai_mon1002_lv1.dat,13,ok
script\ai\ai_mon1003_lv1.dat,12,ok
script\ai\ai_mon1004_lv1.dat,14,ok
script\ai\ai_mon1005_c10_lv1.dat,17,ok
script\ai\ai_mon1005_lv0.dat,12,ok
script\ai\ai_mon1005_lv1.dat,14,ok
script\ai\ai_mon2000.dat,19,ok
script\ai\ai_mon2001.dat,17,ok
script\ai\ai_mon2002.dat,12,ok
script\ai\ai_mon2002_bit.dat,4,ok
script\ai\ai_mon2003.dat,27,ok
script\ani\btlcom.dat,0,empty
script\ani\btlitem.dat,0,empty
script\ani\btlshoot.dat,5,ok
script\ani\chr0000.dat,231,ok
script\ani\chr0000_sd.dat,0,empty
script\ani\chr0001.dat,140,ok
script\ani\chr0001_enemy.dat,29,ok
script\ani\chr0100.dat,10,ok
script\ani\chr0101.dat,3,ok
script\ani\chr0102.dat,46,ok
script\ani\chr0102_enemy.dat,24,ok
script\ani\chr0103.dat,0,empty
script\ani\chr0300.dat,41,ok
script\ani\chr0301.dat,8,ok
script\ani\chr0302.dat,1,ok
script\ani\chr0303.dat,61,ok
script\ani\chr0305.dat,3,ok
script\ani\chr0308.dat,0,empty
script\ani\chr0309.dat,0,empty
script\ani\chr0320.dat,0,empty
script\ani\chr0321.dat,10,ok
script\ani\chr0350.dat,10,ok
script\ani\chr0351.dat,11,ok
script\ani\chr0352.dat,0,empty
script\ani\chr0810m.dat,19,ok
script\ani\chr2200.dat,3,ok
script\ani\chr5000.dat,101,ok
script\ani\chr5001.dat,104,ok
script\ani\chr5002.dat,103,ok
script\ani\chr5100.dat,8,ok
script\ani\chr5101.dat,0,empty
script\ani\chr5102.dat,8,ok
script\ani\chr5300.dat,0,empty
script\ani\chr5301.dat,1,ok
script\ani\chr5302.dat,0,empty
script\ani\chr5303.dat,33,ok
script\ani\chr5305.dat,0,empty
script\ani\chr5306.dat,3,ok
script\ani\chr5307.dat,11,ok
script\ani\chr5308.dat,3,ok
script\ani\chr5309.dat,0,empty
script\ani\chr5310.dat,0,empty
script\ani\chr5311.dat,0,empty
script\ani\chr5350.dat,0,empty
script\ani\chr5352.dat,0,empty
script\ani\chr9000_enemy.dat,4,ok
script\ani\chr9999.dat,0,empty
script\ani\chr_empty.dat,0,empty
script\ani\chr_templete.dat,0,empty
script\ani\chr_templete_player.dat,26,ok
script\ani\chrx000.dat,133,ok
script\ani\chrx001.dat,53,ok
script\ani\common.dat,261,ok
script\ani\etc0000.dat,7,ok
script\ani\etc0002.dat,7,ok
script\ani\etc0010.dat,6,ok
script\ani\etc0030.dat,4,ok
script\ani\etc0040.dat,1,ok
script\ani\gdn0000.dat,0,empty
script\ani\mon0000.dat,33,ok
script\ani\mon0001.dat,34,ok
script\ani\mon0002.dat,39,ok
script\ani\mon0003.dat,19,ok
script\ani\mon0003_c.dat,15,ok
script\ani\mon0003_w.dat,19,ok
script\ani\mon0004.dat,29,ok
script\ani\mon0004_c10.dat,31,ok
script\ani\mon0005.dat,29,ok
script\ani\mon0006.dat,28,ok
script\ani\mon0007.dat,33,ok
script\ani\mon0008.dat,29,ok
script\ani\mon0009.dat,35,ok
script\ani\mon0010.dat,2,ok
script\ani\mon0011.dat,34,ok
script\ani\mon0012.dat,32,ok
script\ani\mon0013.dat,30,ok
script\ani\mon0014.dat,41,ok
script\ani\mon0015.dat,29,ok
script\ani\mon0016.dat,44,ok
script\ani\mon0100.dat,48,ok
script\ani\mon0101.dat,52,ok
script\ani\mon0102.dat,48,ok
script\ani\mon0103.dat,40,ok
script\ani\mon0104.dat,38,ok
script\ani\mon0105.dat,38,ok
script\ani\mon0106.dat,36,ok
script\ani\mon0107.dat,37,ok
script\ani\mon0108.dat,37,ok
script\ani\mon0109.dat,0,empty
script\ani\mon0110.dat,103,ok
script\ani\mon0111.dat,50,ok
script\ani\mon0112.dat,47,ok
script\ani\mon1000.dat,17,ok
script\ani\mon1000_c10.dat,60,ok
script\ani\mon1001.dat,120,ok
script\ani\mon1001_c10.dat,118,ok
script\ani\mon1002.dat,45,ok
script\ani\mon1002_c10.dat,43,ok
script\ani\mon1003.dat,38,ok
script\ani\mon1003_c10.dat,37,ok
script\ani\mon1004.dat,53,ok
script\ani\mon1004_c10.dat,0,empty
script\ani\mon1005.dat,48,ok
script\ani\mon1005_c10.dat,52,ok
script\ani\mon2000.dat,62,ok
script\ani\mon2000_mask.dat,2,ok
script\ani\mon2001.dat,52,ok
script\ani\mon2002.dat,51,ok
script\ani\mon2002_bit.dat,3,ok
script\ani\mon2003.dat,102,ok
script\ani\mon2003_bit.dat,2,ok
script\ani\mon9999.dat,37,ok
script\ani\mon_empty.dat,32,ok
script\ani\sound_ani.dat,0,empty
script\ani\vehicle.dat,0,empty
script\obj\obj_break.dat,3,ok
script\obj\obj_common.dat,1,ok
script\obj\obj_door.dat,0,empty
script\obj\obj_element_gimmick00.dat,0,empty
script\obj\obj_element_gimmick01.dat,0,empty
script\obj\obj_element_gimmick02.dat,0,empty
script\obj\obj_element_gimmick03.dat,0,empty
script\obj\obj_gimmick.dat,4,ok
script\obj\obj_gimmick_break_floor.dat,0,empty
script\obj\obj_gimmick_move_floor.dat,0,empty
script\obj\obj_gimmick_toge.dat,0,empty
script\obj\obj_heal.dat,0,empty
script\obj\obj_tbox.dat,0,empty
script\scena\00_00_00.dat,38,ok
script\scena\00_00_00_02.dat,8,ok
script\scena\00_00_00_03.dat,18,ok
script\scena\00_00_01.dat,60,ok
script\scena\00_01_00.dat,61,ok
script\scena\00_01_02.dat,40,ok
script\scena\00_02_00.dat,42,ok
script\scena\00_02_03.dat,12,ok
script\scena\00_03_00.dat,43,ok
script\scena\00_04_00.dat,46,ok
script\scena\01_00_00.dat,9,ok
script\scena\01_00_01.dat,60,ok
script\scena\01_00_02.dat,47,ok
script\scena\01_01_00.dat,51,ok
script\scena\01_02_00.dat,43,ok
script\scena\01_03_00.dat,49,ok
script\scena\01_03_01.dat,58,ok
script\scena\01_03_02.dat,40,ok
script\scena\01_04_00.dat,40,ok
script\scena\01_04_01.dat,42,ok
script\scena\01_05_00.dat,41,ok
script\scena\01_05_01.dat,39,ok
script\scena\01_06_00.dat,44,ok
script\scena\01_07_00.dat,47,ok
script\scena\01_08_00.dat,49,ok
script\scena\01_08_01.dat,48,ok
script\scena\01_09_00.dat,44,ok
script\scena\01_09_01.dat,39,ok
script\scena\01_10_00.dat,47,ok
script\scena\01_10_01.dat,55,ok
script\scena\01_11_00.dat,42,ok
script\scena\01_12_00.dat,49,ok
script\scena\01_12_01.dat,49,ok
script\scena\01_12_02.dat,47,ok
script\scena\01_13_00.dat,47,ok
script\scena\01_14_00.dat,48,ok
script\scena\01_15_00.dat,45,ok
script\scena\01_16_00.dat,51,ok
script\scena\01_17_00.dat,49,ok
script\scena\01_18_00.dat,0,empty
script\scena\01_18_01.dat,47,ok
script\scena\01_18_03.dat,85,ok
script\scena\01_18_04.dat,59,ok
script\scena\01_19_00.dat,56,ok
script\scena\01_19_02.dat,45,ok
script\scena\01_19_03.dat,12,ok
script\scena\01_20_00.dat,40,ok
script\scena\01_CL_00.dat,36,ok
script\scena\01_CL_01.dat,44,ok
script\scena\01_SUB_00.dat,41,ok
script\scena\01_SUB_01.dat,5,ok
script\scena\01_SUB_02.dat,41,ok
script\scena\01_SUB_03_00.dat,8,ok
script\scena\01_SUB_03_01.dat,39,ok
script\scena\01_SUB_03_02.dat,40,ok
script\scena\01_SUB_03_03.dat,40,ok
script\scena\01_SUB_03_04.dat,40,ok
script\scena\01_SUB_04_00.dat,8,ok
script\scena\01_SUB_04_01.dat,40,ok
script\scena\01_SUB_04_02.dat,40,ok
script\scena\01_SUB_04_03.dat,39,ok
script\scena\01_SUB_04_04.dat,40,ok
script\scena\01_SUB_05_00.dat,8,ok
script\scena\01_SUB_05_01.dat,40,ok
script\scena\01_SUB_05_02.dat,39,ok
script\scena\01_SUB_06_00.dat,8,ok
script\scena\01_SUB_06_01.dat,40,ok
script\scena\01_SUB_06_02.dat,39,ok
script\scena\01_SUB_07.dat,47,ok
script\scena\01_SUB_08.dat,39,ok
script\scena\01_SUB_10_00.dat,8,ok
script\scena\01_SUB_10_01.dat,40,ok
script\scena\01_SUB_11.dat,41,ok
script\scena\01_SUB_13.dat,9,ok
script\scena\01_SUB_14.dat,45,ok
script\scena\01_SUB_15.dat,42,ok
script\scena\01_SUB_16.dat,41,ok
script\scena\01_SUB_17.dat,39,ok
script\scena\01_SUB_18.dat,45,ok
script\scena\01_SUB_19.dat,41,ok
script\scena\01_SUB_20.dat,41,ok
script\scena\01_SUB_21.dat,41,ok
script\scena\01_SUB_25.dat,41,ok
script\scena\01_SUB_27.dat,39,ok
script\scena\01_SUB_30.dat,39,ok
script\scena\01_SUB_31.dat,45,ok
script\scena\01_SUB_32.dat,8,ok
script\scena\01_SUB_33.dat,16,ok
script\scena\01_SUB_34.dat,40,ok
script\scena\01_SUB_35.dat,8,ok
script\scena\01_SUB_37.dat,8,ok
script\scena\01_SUB_38.dat,41,ok
script\scena\01_SUB_39.dat,41,ok
script\scena\01_SUB_40.dat,41,ok
script\scena\01_SUB_41.dat,42,ok
script\scena\01_SUB_42.dat,0,empty
script\scena\01_SUB_44.dat,40,ok
script\scena\01_SUB_51.dat,40,ok
script\scena\01_SUB_52.dat,1,ok
script\scena\01_SUB_80.dat,8,ok
script\scena\01_TU_00.dat,43,ok
script\scena\01_TU_01.dat,41,ok
script\scena\01_TU_02.dat,40,ok
script\scena\01_TU_03.dat,42,ok
script\scena\01_TU_04.dat,40,ok
script\scena\01_TU_05.dat,8,ok
script\scena\01_TU_06.dat,14,ok
script\scena\01_TU_07.dat,8,ok
script\scena\01_TU_08.dat,10,ok
script\scena\01_TU_09.dat,41,ok
script\scena\01_TU_10.dat,40,ok
script\scena\01_TU_11.dat,39,ok
script\scena\01_TU_12.dat,40,ok
script\scena\01_TU_13.dat,40,ok
script\scena\01_TU_14.dat,42,ok
script\scena\01_TU_15.dat,39,ok
script\scena\01_TU_16.dat,39,ok
script\scena\01_TU_17.dat,41,ok
script\scena\01_TU_18.dat,40,ok
script\scena\01_TU_19.dat,16,ok
script\scena\02_00_00.dat,46,ok
script\scena\02_01_00.dat,45,ok
script\scena\02_02_00.dat,41,ok
script\scena\02_02_02.dat,40,ok
script\scena\02_03_00.dat,59,ok
script\scena\02_04_00.dat,42,ok
script\scena\02_05_00.dat,49,ok
script\scena\02_06_00.dat,41,ok
script\scena\02_07_00.dat,43,ok
script\scena\02_07_01.dat,42,ok
script\scena\02_07_03.dat,44,ok
script\scena\02_08_00.dat,65,ok
script\scena\02_09_00.dat,48,ok
script\scena\02_10_00.dat,43,ok
script\scena\02_11_00.dat,47,ok
script\scena\02_12_00.dat,39,ok
script\scena\02_13_00.dat,44,ok
script\scena\02_14_00.dat,69,ok
script\scena\02_15_00.dat,43,ok
script\scena\02_16_00.dat,47,ok
script\scena\02_17_00.dat,40,ok
script\scena\02_17_50.dat,39,ok
script\scena\02_18_00.dat,45,ok
script\scena\02_19_00.dat,41,ok
script\scena\02_20_00.dat,41,ok
script\scena\02_20_01.dat,60,ok
script\scena\02_21_00.dat,39,ok
script\scena\02_22_00.dat,41,ok
script\scena\02_22_01.dat,11,ok
script\scena\02_22_02.dat,39,ok
script\scena\02_23_00.dat,44,ok
script\scena\02_23_01.dat,49,ok
script\scena\02_24_00.dat,44,ok
script\scena\02_25_00.dat,45,ok
script\scena\02_26_00.dat,10,ok
script\scena\02_26_02.dat,69,ok
script\scena\02_27_00.dat,41,ok
script\scena\02_28_00.dat,43,ok
script\scena\02_29_00.dat,44,ok
script\scena\02_30_00.dat,42,ok
script\scena\02_30_01.dat,43,ok
script\scena\02_31_00.dat,9,ok
script\scena\02_32_00.dat,10,ok
script\scena\02_32_01.dat,41,ok
script\scena\02_32_03.dat,43,ok
script\scena\02_33_00.dat,40,ok
script\scena\02_33_02.dat,33,ok
script\scena\02_34_00.dat,46,ok
script\scena\02_34_01.dat,0,empty
script\scena\02_35_00.dat,40,ok
script\scena\02_CL_00.dat,43,ok
script\scena\02_CL_01.dat,44,ok
script\scena\02_CL_02.dat,45,ok
script\scena\02_CL_04.dat,45,ok
script\scena\02_SUB_06.dat,41,ok
script\scena\02_SUB_07.dat,46,ok
script\scena\02_SUB_08.dat,44,ok
script\scena\02_SUB_09.dat,44,ok
script\scena\02_SUB_10.dat,40,ok
script\scena\02_SUB_11.dat,45,ok
script\scena\02_SUB_12.dat,40,ok
script\scena\02_SUB_16.dat,8,ok
script\scena\02_SUB_17.dat,8,ok
script\scena\02_SUB_18.dat,41,ok
script\scena\02_SUB_19.dat,41,ok
script\scena\02_SUB_27.dat,40,ok
script\scena\02_SUB_30.dat,0,empty
script\scena\02_SUB_31.dat,0,empty
script\scena\02_SUB_32.dat,8,ok
script\scena\02_SUB_50.dat,9,ok
script\scena\02_SUB_51.dat,8,ok
script\scena\02_SUB_53.dat,22,ok
script\scena\02_SUB_54.dat,39,ok
script\scena\02_TU_00.dat,40,ok
script\scena\02_TU_01.dat,40,ok
script\scena\02_TU_02.dat,40,ok
script\scena\02_TU_03.dat,44,ok
script\scena\02_TU_04.dat,40,ok
script\scena\02_TU_05.dat,41,ok
script\scena\02_TU_06.dat,40,ok
script\scena\02_TU_07.dat,40,ok
script\scena\02_TU_08.dat,47,ok
script\scena\02_TU_09.dat,8,ok
script\scena\02_TU_10_00.dat,40,ok
script\scena\02_TU_10_01.dat,40,ok
script\scena\02_TU_10_02.dat,6,ok
script\scena\02_TU_11.dat,41,ok
script\scena\02_TU_12.dat,40,ok
script\scena\02_TU_13.dat,39,ok
script\scena\03_00_00.dat,41,ok
script\scena\03_00_01.dat,39,ok
script\scena\03_00_02.dat,39,ok
script\scena\03_01_00.dat,47,ok
script\scena\03_02_00.dat,45,ok
script\scena\03_03_00.dat,44,ok
script\scena\03_04_00.dat,46,ok
script\scena\03_04_02.dat,41,ok
script\scena\03_04_02_01.dat,41,ok
script\scena\03_04_04.dat,40,ok
script\scena\03_05_00.dat,13,ok
script\scena\03_06_00.dat,41,ok
script\scena\03_07_00.dat,41,ok
script\scena\03_08_00.dat,50,ok
script\scena\03_09_00.dat,44,ok
script\scena\03_10_00.dat,45,ok
script\scena\03_10_01.dat,44,ok
script\scena\03_10_02.dat,41,ok
script\scena\03_10_03.dat,8,ok
script\scena\03_11_00.dat,46,ok
script\scena\03_12_00.dat,41,ok
script\scena\03_13_00.dat,39,ok
script\scena\03_14_00.dat,41,ok
script\scena\03_15_00.dat,41,ok
script\scena\03_16_00.dat,0,empty
script\scena\03_16_01.dat,40,ok
script\scena\03_17_00.dat,41,ok
script\scena\03_17_01.dat,41,ok
script\scena\03_17_02.dat,42,ok
script\scena\03_18_00.dat,39,ok
script\scena\03_18_01.dat,41,ok
script\scena\03_18_02.dat,43,ok
script\scena\03_19_00.dat,39,ok
script\scena\03_20_00.dat,41,ok
script\scena\03_21_00.dat,39,ok
script\scena\03_22_00.dat,41,ok
script\scena\03_23_00.dat,0,empty
script\scena\03_23_01.dat,43,ok
script\scena\03_23_02.dat,8,ok
script\scena\03_24_00.dat,0,empty
script\scena\03_24_01.dat,42,ok
script\scena\03_24_02.dat,44,ok
script\scena\03_25_00.dat,50,ok
script\scena\03_26_00.dat,53,ok
script\scena\03_27_01.dat,44,ok
script\scena\03_28_00.dat,46,ok
script\scena\03_28_02.dat,58,ok
script\scena\03_28_03.dat,45,ok
script\scena\03_28_04.dat,12,ok
script\scena\03_29_00.dat,42,ok
script\scena\03_30_00.dat,40,ok
script\scena\03_CL_00.dat,44,ok
script\scena\03_CL_01.dat,42,ok
script\scena\03_CL_02.dat,47,ok
script\scena\03_CL_04.dat,45,ok
script\scena\03_CL_05.dat,44,ok
script\scena\03_SUB_00.dat,8,ok
script\scena\03_SUB_01.dat,45,ok
script\scena\03_SUB_02.dat,40,ok
script\scena\03_SUB_03.dat,40,ok
script\scena\03_SUB_04.dat,40,ok
script\scena\03_SUB_05.dat,41,ok
script\scena\03_SUB_06.dat,41,ok
script\scena\03_SUB_07.dat,40,ok
script\scena\03_SUB_10.dat,40,ok
script\scena\03_SUB_11.dat,0,empty
script\scena\03_SUB_12.dat,42,ok
script\scena\03_SUB_13.dat,43,ok
script\scena\03_SUB_14.dat,42,ok
script\scena\03_SUB_15.dat,45,ok
script\scena\03_SUB_50.dat,39,ok
script\scena\03_SUB_51.dat,39,ok
script\scena\03_SUB_52.dat,39,ok
script\scena\03_SUB_53.dat,8,ok
script\scena\03_SUB_54.dat,8,ok
script\scena\03_TU_00.dat,41,ok
script\scena\03_TU_01.dat,40,ok
script\scena\03_TU_02.dat,41,ok
script\scena\03_TU_03.dat,40,ok
script\scena\04_00_00.dat,42,ok
script\scena\04_00_01.dat,43,ok
script\scena\04_00_02.dat,44,ok
script\scena\04_00_03.dat,42,ok
script\scena\04_01_00.dat,42,ok
script\scena\04_02_00.dat,44,ok
script\scena\04_03_00.dat,40,ok
script\scena\04_03_01.dat,46,ok
script\scena\04_03_02.dat,40,ok
script\scena\04_04_00.dat,41,ok
script\scena\04_05_00.dat,40,ok
script\scena\04_06_00.dat,42,ok
script\scena\04_06_01.dat,45,ok
script\scena\04_06_02.dat,47,ok
script\scena\04_06_03.dat,42,ok
script\scena\04_06_04.dat,43,ok
script\scena\04_07_00.dat,43,ok
script\scena\04_07_01.dat,42,ok
script\scena\04_07_02.dat,40,ok
script\scena\04_08_00.dat,39,ok
script\scena\04_09_00.dat,26,ok
script\scena\04_10_00.dat,42,ok
script\scena\04_10_01.dat,21,ok
script\scena\04_11_00.dat,63,ok
script\scena\04_11_01.dat,42,ok
script\scena\04_11_03.dat,44,ok
script\scena\04_11_04.dat,45,ok
script\scena\04_12_00.dat,12,ok
script\scena\04_12_01.dat,2,ok
script\scena\04_12_02.dat,45,ok
script\scena\04_12_02_01.dat,40,ok
script\scena\04_12_03.dat,40,ok
script\scena\04_13_00.dat,46,ok
script\scena\04_14_00.dat,44,ok
script\scena\04_15_00.dat,42,ok
script\scena\04_15_01.dat,42,ok
script\scena\04_15_02.dat,40,ok
script\scena\04_15_04.dat,27,ok
script\scena\04_16_00.dat,17,ok
script\scena\04_17_00.dat,42,ok
script\scena\04_18_00.dat,42,ok
script\scena\04_19_00.dat,44,ok
script\scena\04_19_01.dat,42,ok
script\scena\04_19_02.dat,44,ok
script\scena\04_20_00.dat,40,ok
script\scena\04_20_02.dat,40,ok
script\scena\04_21_00.dat,14,ok
script\scena\04_22_00.dat,42,ok
script\scena\04_23_00.dat,44,ok
script\scena\04_24_00.dat,0,empty
script\scena\04_24_01.dat,0,empty
script\scena\04_24_02.dat,42,ok
script\scena\04_25_00.dat,0,empty
script\scena\04_25_01.dat,48,ok
script\scena\04_26_00.dat,44,ok
script\scena\04_27_00.dat,17,ok
script\scena\04_28_00.dat,46,ok
script\scena\04_29_00.dat,50,ok
script\scena\04_30_00.dat,60,ok
script\scena\04_31_00.dat,46,ok
script\scena\04_31_01.dat,12,ok
script\scena\04_32_00.dat,42,ok
script\scena\04_CL_00.dat,42,ok
script\scena\04_CL_02.dat,45,ok
script\scena\04_CL_03.dat,42,ok
script\scena\04_CL_04.dat,44,ok
script\scena\04_SUB_00.dat,44,ok
script\scena\04_SUB_01.dat,41,ok
script\scena\04_SUB_02.dat,39,ok
script\scena\04_SUB_03.dat,43,ok
script\scena\04_SUB_04.dat,41,ok
script\scena\04_SUB_06.dat,10,ok
script\scena\04_SUB_07.dat,41,ok
script\scena\04_SUB_50.dat,41,ok
script\scena\04_SUB_51.dat,39,ok
script\scena\04_SUB_52.dat,8,ok
script\scena\04_SUB_53.dat,39,ok
script\scena\04_SUB_54.dat,8,ok
script\scena\04_TU_00_00.dat,45,ok
script\scena\04_TU_00_01.dat,46,ok
script\scena\04_TU_01.dat,41,ok
script\scena\04_TU_02.dat,41,ok
script\scena\05_00_00.dat,41,ok
script\scena\05_00_02.dat,45,ok
script\scena\05_01_00.dat,45,ok
script\scena\05_01_01.dat,45,ok
script\scena\05_02_00.dat,42,ok
script\scena\05_03_00.dat,40,ok
script\scena\05_04_00.dat,46,ok
script\scena\05_05_00.dat,40,ok
script\scena\05_06_00.dat,44,ok
script\scena\05_07_00.dat,42,ok
script\scena\05_08_00.dat,40,ok
script\scena\05_08_01.dat,42,ok
script\scena\05_09_00.dat,42,ok
script\scena\05_09_01.dat,39,ok
script\scena\05_09_02.dat,40,ok
script\scena\05_09_03.dat,39,ok
script\scena\05_10_00.dat,40,ok
script\scena\05_11_00.dat,46,ok
script\scena\05_12_00.dat,40,ok
script\scena\05_12_01.dat,41,ok
script\scena\05_13_00.dat,41,ok
script\scena\05_13_01.dat,40,ok
script\scena\05_14_00.dat,42,ok
script\scena\05_14_01.dat,46,ok
script\scena\05_14_03.dat,16,ok
script\scena\05_14_04.dat,40,ok
script\scena\05_14_05.dat,46,ok
script\scena\05_14_06.dat,46,ok
script\scena\05_14_07.dat,42,ok
script\scena\05_15_00.dat,40,ok
script\scena\05_15_01.dat,40,ok
script\scena\05_15_02.dat,42,ok
script\scena\05_15_03.dat,2,ok
script\scena\05_15_04.dat,40,ok
script\scena\05_15_05.dat,40,ok
script\scena\05_15_06.dat,40,ok
script\scena\05_15_07.dat,43,ok
script\scena\05_16_00.dat,42,ok
script\scena\05_16_00_01.dat,46,ok
script\scena\05_16_01.dat,41,ok
script\scena\05_16_02.dat,48,ok
script\scena\05_17_00.dat,40,ok
script\scena\05_17_02.dat,50,ok
script\scena\05_18_00.dat,46,ok
script\scena\05_18_02.dat,55,ok
script\scena\05_18_04.dat,42,ok
script\scena\05_18_05.dat,46,ok
script\scena\05_19_00.dat,89,ok
script\scena\05_19_02.dat,60,ok
script\scena\05_19_02_00.dat,8,ok
script\scena\05_19_04.dat,24,ok
script\scena\05_19_05.dat,51,ok
script\scena\05_19_06.dat,10,ok
script\scena\05_19_07.dat,45,ok
script\scena\05_20_00.dat,45,ok
script\scena\05_20_01.dat,0,empty
script\scena\05_20_02.dat,8,ok
script\scena\05_CL_00.dat,44,ok
script\scena\05_CL_01.dat,42,ok
script\scena\05_CL_02.dat,44,ok
script\scena\05_CL_04.dat,46,ok
script\scena\05_CL_05.dat,45,ok
script\scena\05_CL_06.dat,44,ok
script\scena\05_SUB_00.dat,42,ok
script\scena\05_SUB_01.dat,42,ok
script\scena\05_SUB_02.dat,40,ok
script\scena\05_SUB_03.dat,42,ok
script\scena\05_SUB_04.dat,40,ok
script\scena\05_SUB_05.dat,40,ok
script\scena\05_SUB_06.dat,42,ok
script\scena\05_SUB_07.dat,42,ok
script\scena\05_SUB_50.dat,8,ok
script\scena\05_SUB_51.dat,39,ok
script\scena\05_SUB_52.dat,39,ok
script\scena\05_SUB_53.dat,39,ok
script\scena\05_SUB_54.dat,39,ok
script\scena\05_SUB_55.dat,8,ok
script\scena\05_TU_00.dat,48,ok
script\scena\05_TU_01.dat,41,ok
script\scena\05_TU_02.dat,40,ok
script\scena\EVS_Campus.dat,56,ok
script\scena\EVS_Daily.dat,9,ok
script\scena\EVS_Shop_c0100.dat,64,ok
script\scena\EVS_Shop_c0200.dat,25,ok
script\scena\EVS_Shop_c0300.dat,15,ok
script\scena\EVS_Shop_c0400.dat,62,ok
script\scena\EVS_Shop_c0500.dat,63,ok
script\scena\EVS_Shop_c0600.dat,14,ok
script\scena\EVS_Shop_c0700.dat,60,ok
script\scena\EV_BTL_00_00.dat,0,empty
script\scena\EV_BTL_00_01.dat,9,ok
script\scena\EV_BTL_01_00.dat,0,empty
script\scena\EV_BTL_01_01.dat,0,empty
script\scena\EV_BTL_02_00.dat,0,empty
script\scena\EV_BTL_02_01.dat,0,empty
script\scena\EV_BTL_02_03.dat,0,empty
script\scena\EV_BTL_02_04.dat,0,empty
script\scena\EV_BTL_02_05.dat,0,empty
script\scena\EV_BTL_02_SUB_01.dat,4,ok
script\scena\EV_BTL_03_00.dat,4,ok
script\scena\EV_BTL_03_00_EX.dat,1,ok
script\scena\EV_BTL_03_01.dat,4,ok
script\scena\EV_BTL_03_02.dat,4,ok
script\scena\EV_BTL_03_03.dat,4,ok
script\scena\EV_BTL_03_04.dat,4,ok
script\scena\EV_BTL_03_SUB_00.dat,0,empty
script\scena\EV_BTL_04_00.dat,0,empty
script\scena\EV_BTL_04_01.dat,0,empty
script\scena\EV_BTL_04_02.dat,0,empty
script\scena\EV_BTL_04_03.dat,4,ok
script\scena\EV_BTL_04_04.dat,4,ok
script\scena\EV_BTL_04_05.dat,4,ok
script\scena\EV_BTL_04_SUB_00.dat,0,empty
script\scena\EV_BTL_05_00.dat,4,ok
script\scena\EV_BTL_05_01.dat,4,ok
script\scena\EV_BTL_05_02.dat,4,ok
script\scena\EV_BTL_05_03.dat,4,ok
script\scena\EV_BTL_05_04.dat,4,ok
script\scena\EV_BTL_05_05.dat,4,ok
script\scena\EV_BTL_05_06.dat,4,ok
script\scena\EV_BTL_05_SUB_00.dat,0,empty
script\scena\EV_BTL_BOSS_01_00.dat,6,ok
script\scena\EV_BTL_BOSS_02_00.dat,10,ok
script\scena\EV_BTL_BOSS_03_00.dat,6,ok
script\scena\EV_BTL_BOSS_03_01.dat,7,ok
script\scena\EV_BTL_BOSS_04_00.dat,12,ok
script\scena\EV_BTL_BOSS_05_00.dat,7,ok
script\scena\SBK_18_00_00.dat,42,ok
script\scena\SBK_18_01_00.dat,46,ok
script\scena\SBK_18_02_00.dat,46,ok
script\scena\SBK_18_02_01.dat,41,ok
script\scena\SBK_18_02_02.dat,45,ok
script\scena\SBK_18_02_03.dat,42,ok
script\scena\SBK_19_00_00.dat,42,ok
script\scena\SBK_19_01_00.dat,44,ok
script\scena\SBK_19_01_01.dat,42,ok
script\scena\SBK_19_02_00.dat,42,ok
script\scena\SBK_20_00_00.dat,40,ok
script\scena\SBK_20_00_01.dat,44,ok
script\scena\SBK_20_00_02.dat,40,ok
script\scena\SBK_20_01_00.dat,40,ok
script\scena\SBK_20_01_01.dat,40,ok
script\scena\SBK_20_02_00.dat,40,ok
script\scena\SBK_20_02_01.dat,43,ok
script\scena\SBK_20_02_02.dat,40,ok
script\scena\SBK_21_00_00.dat,39,ok
script\scena\SBK_21_01_00.dat,43,ok
script\scena\SBK_21_02_00.dat,43,ok
script\scena\SBK_22_00_00.dat,40,ok
script\scena\SBK_22_01_00.dat,42,ok
script\scena\SBK_22_02_00.dat,41,ok
script\scena\SBK_22_02_01.dat,42,ok
script\scena\SBK_23_00_00.dat,42,ok
script\scena\SBK_23_01_00.dat,39,ok
script\scena\SBK_23_01_01.dat,39,ok
script\scena\SBK_23_01_02.dat,39,ok
script\scena\SBK_23_02_00.dat,42,ok
script\scena\SBK_23_02_01.dat,42,ok
script\scena\SBK_23_02_02.dat,39,ok
script\scena\SBK_23_02_03.dat,39,ok
script\scena\SBK_23_02_04.dat,39,ok
script\scena\SBK_23_02_05.dat,43,ok
script\scena\SBT_01_00_00.dat,42,ok
script\scena\SBT_01_01_00.dat,46,ok
script\scena\SBT_01_02_00.dat,42,ok
script\scena\SBT_02_00_00.dat,39,ok
script\scena\SBT_02_00_01.dat,43,ok
script\scena\SBT_02_01_00.dat,41,ok
script\scena\SBT_02_01_01.dat,43,ok
script\scena\SBT_02_02_00.dat,40,ok
script\scena\SBT_02_02_01.dat,43,ok
script\scena\SBT_02_02_02.dat,41,ok
script\scena\SBT_02_02_03.dat,39,ok
script\scena\SBT_02_02_04.dat,43,ok
script\scena\SBT_03_00_00.dat,8,ok
script\scena\SBT_03_00_01.dat,40,ok
script\scena\SBT_03_00_02.dat,40,ok
script\scena\SBT_03_00_03.dat,40,ok
script\scena\SBT_03_00_04.dat,40,ok
script\scena\SBT_03_01_00.dat,40,ok
script\scena\SBT_03_01_01.dat,40,ok
script\scena\SBT_03_01_02.dat,42,ok
script\scena\SBT_03_02_00_00.dat,43,ok
script\scena\SBT_03_02_00_01.dat,43,ok
script\scena\SBT_03_02_01.dat,40,ok
script\scena\SBT_03_02_02_00.dat,8,ok
script\scena\SBT_03_02_02_01.dat,40,ok
script\scena\SBT_03_02_03.dat,42,ok
script\scena\SBT_03_02_04.dat,44,ok
script\scena\SBT_03_02_05.dat,40,ok
script\scena\SBT_04_00_00.dat,39,ok
script\scena\SBT_04_00_01.dat,39,ok
script\scena\SBT_04_00_02.dat,39,ok
script\scena\SBT_04_00_03.dat,39,ok
script\scena\SBT_04_00_04.dat,41,ok
script\scena\SBT_04_00_05.dat,41,ok
script\scena\SBT_04_01_00.dat,41,ok
script\scena\SBT_04_01_01.dat,39,ok
script\scena\SBT_04_01_02.dat,43,ok
script\scena\SBT_04_02_00.dat,44,ok
script\scena\SBT_05_00_00.dat,40,ok
script\scena\SBT_05_00_01.dat,42,ok
script\scena\SBT_05_00_02.dat,8,ok
script\scena\SBT_05_00_03.dat,42,ok
script\scena\SBT_05_00_04.dat,42,ok
script\scena\SBT_05_00_05.dat,10,ok
script\scena\SBT_06_00_00.dat,41,ok
script\scena\SBT_06_01_00.dat,39,ok
script\scena\SBT_06_01_01.dat,40,ok
script\scena\SBT_06_01_02.dat,39,ok
script\scena\SBT_06_01_03.dat,39,ok
script\scena\SBT_07_00_00.dat,40,ok
script\scena\SBT_07_01_00.dat,42,ok
script\scena\SBT_08_00_00.dat,41,ok
script\scena\SBT_08_00_01.dat,40,ok
script\scena\SBT_08_00_02.dat,39,ok
script\scena\SBT_08_00_03.dat,41,ok
script\scena\SBT_08_00_04.dat,39,ok
script\scena\SBT_08_00_05.dat,41,ok
script\scena\SBT_09_00_00.dat,41,ok
script\scena\SBT_09_01_00.dat,39,ok
script\scena\SBT_10_00_00.dat,41,ok
script\scena\SBT_10_00_01.dat,8,ok
script\scena\SBT_10_00_02.dat,40,ok
script\scena\SBT_10_00_03.dat,40,ok
script\scena\SBT_10_00_04.dat,41,ok
script\scena\SBT_10_00_05.dat,50,ok
script\scena\SBT_11_00_00.dat,40,ok
script\scena\SBT_11_00_01.dat,40,ok
script\scena\SBT_12_00_00.dat,44,ok
script\scena\SBT_12_01_00.dat,41,ok
script\scena\SBT_12_01_01.dat,46,ok
script\scena\SBT_13_00_00.dat,39,ok
script\scena\SBT_13_00_01.dat,39,ok
script\scena\SBT_14_00_00.dat,42,ok
script\scena\SBT_14_01_00.dat,40,ok
script\scena\SBT_14_02_00.dat,42,ok
script\scena\SBT_14_02_01.dat,44,ok
script\scena\SBT_15_00_00.dat,43,ok
script\scena\SBT_16_00_00.dat,45,ok
script\scena\SBT_16_01_00.dat,42,ok
script\scena\SBT_17_00_00.dat,40,ok
script\scena\SBT_17_00_01.dat,41,ok
script\scena\Talk_c0000.dat,912,ok
script\scena\Talk_c0001.dat,569,ok
script\scena\Talk_c0010.dat,861,ok
script\scena\Talk_c0014.dat,508,ok
script\scena\Talk_c0015.dat,0,empty
script\scena\Talk_c0020.dat,981,ok
script\scena\Talk_c0031.dat,174,ok
script\scena\Talk_c0100.dat,2868,ok
script\scena\Talk_c0200.dat,1130,ok
script\scena\Talk_c0300.dat,1358,ok
script\scena\Talk_c0400.dat,2575,ok
script\scena\Talk_c0500.dat,2286,ok
script\scena\Talk_c0600.dat,1510,ok
script\scena\Talk_c0700.dat,1392,ok
script\scena\Talk_system.dat,1096,ok
script\scena\b0100.dat,1,ok
script\scena\b0101.dat,1,ok
script\scena\b0300.dat,1,ok
script\scena\b0301.dat,1,ok
script\scena\b0500.dat,1,ok
script\scena\b0501.dat,1,ok
script\scena\b0650.dat,1,ok
script\scena\b0700.dat,1,ok
script\scena\b0701.dat,1,ok
script\scena\b1000.dat,1,ok
script\scena\b1001.dat,1,ok
script\scena\c0000.dat,10,ok
script\scena\c0001.dat,8,ok
script\scena\c0010.dat,49,ok
script\scena\c0014.dat,49,ok
script\scena\c0015.dat,1,ok
script\scena\c0016.dat,0,empty
script\scena\c0020.dat,69,ok
script\scena\c0021.dat,1,ok
script\scena\c0030.dat,1,ok
script\scena\c0031.dat,1,ok
script\scena\c0100.dat,17,ok
script\scena\c0200.dat,24,ok
script\scena\c0300.dat,20,ok
script\scena\c0301.dat,3,ok
script\scena\c0400.dat,12,ok
script\scena\c0500.dat,14,ok
script\scena\c0600.dat,13,ok
script\scena\c0700.dat,13,ok
script\scena\d0000.dat,1,ok
script\scena\d0000b.dat,1,ok
script\scena\d0000c.dat,1,ok
script\scena\d0000d.dat,1,ok
script\scena\d0010.dat,1,ok
script\scena\d0011.dat,1,ok
script\scena\d0012.dat,1,ok
script\scena\d0015.dat,1,ok
script\scena\d0016.dat,1,ok
script\scena\d0017.dat,1,ok
script\scena\d0018.dat,1,ok
script\scena\d0020.dat,1,ok
script\scena\d0050.dat,1,ok
script\scena\d0051.dat,1,ok
script\scena\d0052.dat,1,ok
script\scena\d0100.dat,34,ok
script\scena\d0110.dat,1,ok
script\scena\d0111.dat,1,ok
script\scena\d0200.dat,97,ok
script\scena\d0210.dat,1,ok
script\scena\d0211.dat,1,ok
script\scena\d0212.dat,1,ok
script\scena\d0290.dat,9,ok
script\scena\d0300.dat,61,ok
script\scena\d0310.dat,1,ok
script\scena\d0311.dat,1,ok
script\scena\d0312.dat,1,ok
script\scena\d0400.dat,63,ok
script\scena\d0410.dat,1,ok
script\scena\d0490.dat,50,ok
script\scena\d0500.dat,62,ok
script\scena\d0510.dat,1,ok
script\scena\d0511.dat,1,ok
script\scena\d0600.dat,32,ok
script\scena\d0610.dat,15,ok
script\scena\d0650.dat,1,ok
script\scena\d0651.dat,1,ok
script\scena\d0652.dat,1,ok
script\scena\d0690.dat,9,ok
script\scena\d0700.dat,62,ok
script\scena\d0800.dat,33,ok
script\scena\d0810.dat,1,ok
script\scena\d0811.dat,1,ok
script\scena\d0812.dat,1,ok
script\scena\d0890.dat,10,ok
script\scena\d0900.dat,1,ok
script\scena\d0910.dat,1,ok
script\scena\d1000.dat,27,ok
script\scena\d1010.dat,1,ok
script\scena\d1011.dat,1,ok
script\scena\d1100.dat,67,ok
script\scena\d1110.dat,1,ok
script\scena\d1111.dat,1,ok
script\scena\d1112.dat,1,ok
script\scena\d1190.dat,1,ok
script\scena\d1190b.dat,1,ok
script\scena\e0020.dat,1,ok
script\scena\e0021.dat,1,ok
script\scena\e0022.dat,1,ok
script\scena\e0023.dat,1,ok
script\scena\e0024.dat,1,ok
script\scena\e0100.dat,1,ok
script\scena\e0200.dat,1,ok
script\scena\e0201.dat,1,ok
script\scena\e0300.dat,1,ok
script\scena\e0400.dat,1,ok
script\scena\e0500.dat,1,ok
script\scena\e0501.dat,1,ok
script\scena\e0600.dat,1,ok
script\scena\e0700.dat,1,ok
script\scena\e9000.dat,1,ok
script\scena\e9001.dat,1,ok
script\scena\e9002.dat,1,ok
script\scena\e9003.dat,1,ok
script\scena\e9100.dat,1,ok
script\scena\e9101.dat,1,ok
script\scena\e9102.dat,1,ok
script\scena\e9103.dat,1,ok
script\scena\e9104.dat,1,ok
script\scena\e9105.dat,1,ok
script\scena\e9999.dat,1,ok
script\scena\ev_mes_task.dat,14,ok
script\scena\mon_setting.dat,0,empty
script\scena\npc_setting.dat,0,empty
script\scena\sound.dat,12,ok
script\scena\sys_actioncard.dat,75,ok
script\scena\sys_basemenu.dat,20,ok
script\scena\sys_battle.dat,10,ok
script\scena\sys_campmenu.dat,1,ok
script\scena\sys_event.dat,16,ok
script\scena\sys_healobj.dat,8,ok
script\scena\sys_mapjump.dat,78,ok
script\scena\sys_mapjump_dungeon.dat,0,empty
script\scena\sys_sideview.dat,3,ok
script\scena\sys_smartphone.dat,12,ok
script\scena\sys_tutorial.dat,29,ok
script\scena\sys_wipe.dat,5,ok
script\scena\system.dat,194,ok
script\scena\title00.dat,1,ok
table/t_achievement.tbl,0,empty
table/t_action_card.tbl,0,empty
table/t_action_card_support.tbl,0,empty
table/t_action_course.tbl,0,empty
table/t_active_voice.tbl,0,empty
table/t_ani_param.tbl,0,empty
table/t_battle_0001.tbl,0,empty
table/t_battle_0110.tbl,0,empty
table/t_battle_0120.tbl,0,empty
table/t_battle_0130.tbl,0,empty
table/t_battle_0150.tbl,0,empty
table/t_battle_0160.tbl,0,empty
table/t_battle_0210.tbl,0,empty
table/t_battle_0220.tbl,0,empty
table/t_battle_0250.tbl,0,empty
table/t_battle_0310.tbl,0,empty
table/t_battle_0320.tbl,0,empty
table/t_battle_0350.tbl,0,empty
table/t_battle_0360.tbl,0,empty
table/t_battle_0410.tbl,0,empty
table/t_battle_0420.tbl,0,empty
table/t_battle_0450.tbl,0,empty
table/t_battle_0510.tbl,0,empty
table/t_battle_0550.tbl,0,empty
table/t_battle_0560.tbl,0,empty
table/t_battle_0610.tbl,0,empty
table/t_battle_0620.tbl,0,empty
table/t_battle_0650.tbl,0,empty
table/t_battle_0660.tbl,0,empty
table/t_battle_0710.tbl,0,empty
table/t_battle_0720.tbl,0,empty
table/t_battle_0750.tbl,0,empty
table/t_battle_0760.tbl,0,empty
table/t_battle_0810.tbl,0,empty
table/t_battle_0820.tbl,0,empty
table/t_battle_0850.tbl,0,empty
table/t_battle_0860.tbl,0,empty
table/t_battle_1010.tbl,0,empty
table/t_battle_1020.tbl,0,empty
table/t_battle_1030.tbl,0,empty
table/t_battle_10304.tbl,0,empty
table/t_battle_10305.tbl,0,empty
table/t_battle_10402.tbl,0,empty
table/t_battle_10403.tbl,0,empty
table/t_battle_10404.tbl,0,empty
table/t_battle_1050.tbl,0,empty
table/t_battle_1110.tbl,0,empty
table/t_battle_1120.tbl,0,empty
table/t_battle_1150.tbl,0,empty
table/t_battle_1160.tbl,0,empty
table/t_battle_5020.tbl,0,empty
table/t_battle_5021.tbl,0,empty
table/t_battle_5022.tbl,0,empty
table/t_battle_5030.tbl,0,empty
table/t_battle_5031.tbl,0,empty
table/t_battle_5032.tbl,0,empty
table/t_battle_5033.tbl,0,empty
table/t_battle_5040.tbl,0,empty
table/t_battle_5041.tbl,0,empty
table/t_battle_5042.tbl,0,empty
table/t_battle_5050.tbl,0,empty
table/t_battle_5051.tbl,0,empty
table/t_battle_5052.tbl,0,empty
table/t_battle_5053.tbl,0,empty
table/t_battle_5054.tbl,0,empty
table/t_battle_9997.tbl,0,empty
table/t_battle_9998.tbl,0,empty
table/t_battle_9999.tbl,0,empty
table/t_bgm.tbl,0,empty
table/t_bgmset.tbl,0,empty
table/t_break_object.tbl,0,empty
table/t_btlsys.tbl,0,empty
table/t_chapter.tbl,0,empty
table/t_chat.tbl,0,empty
table/t_chatmes_01_05_00.tbl,37,ok
table/t_chatmes_01_09_01.tbl,15,ok
table/t_chatmes_01_11_00.tbl,41,ok
table/t_chatmes_01_13_00.tbl,12,ok
table/t_chatmes_01_SUB_80.tbl,12,ok
table/t_chatmes_02_12_00.tbl,3,ok
table/t_chatmes_02_17_50.tbl,47,ok
table/t_chatmes_02_20_00.tbl,8,ok
table/t_chatmes_02_24_00.tbl,31,ok
table/t_chatmes_02_29_00.tbl,5,ok
table/t_chatmes_02_29_01.tbl,8,ok
table/t_chatmes_02_SUB_50.tbl,28,ok
table/t_chatmes_02_SUB_51.tbl,14,ok
table/t_chatmes_02_SUB_53.tbl,20,ok
table/t_chatmes_02_SUB_54.tbl,18,ok
table/t_chatmes_02_TU_10_00.tbl,25,ok
table/t_chatmes_02_TU_10_01.tbl,20,ok
table/t_chatmes_03_13_00.tbl,46,ok
table/t_chatmes_03_SUB_50.tbl,26,ok
table/t_chatmes_03_SUB_51.tbl,17,ok
table/t_chatmes_03_SUB_52.tbl,25,ok
table/t_chatmes_03_SUB_53.tbl,25,ok
table/t_chatmes_03_SUB_54.tbl,22,ok
table/t_chatmes_04_07_02.tbl,37,ok
table/t_chatmes_04_SUB_50.tbl,21,ok
table/t_chatmes_04_SUB_51.tbl,22,ok
table/t_chatmes_04_SUB_52.tbl,12,ok
table/t_chatmes_04_SUB_53.tbl,11,ok
table/t_chatmes_04_SUB_54.tbl,10,ok
table/t_chatmes_05_05_00.tbl,67,ok
table/t_chatmes_05_07_00.tbl,10,ok
table/t_chatmes_05_SUB_50.tbl,23,ok
table/t_chatmes_05_SUB_51.tbl,28,ok
table/t_chatmes_05_SUB_52.tbl,22,ok
table/t_chatmes_05_SUB_53.tbl,16,ok
table/t_chatmes_05_SUB_54.tbl,24,ok
table/t_chatmes_05_SUB_55.tbl,8,ok
table/t_chatmes_CONNECT_OTOHA_02_00.tbl,4,ok
table/t_chatmes_CONNECT_OTOHA_03_00.tbl,6,ok
table/t_chatmes_CONNECT_OTOHA_04_00.tbl,4,ok
table/t_chatmes_CONNECT_OTOHA_05_01.tbl,4,ok
table/t_chatmes_SBK_19_01_00.tbl,9,ok
table/t_chatmes_SBK_19_02_00.tbl,7,ok
table/t_chatmes_SBK_23_02_00.tbl,10,ok
table/t_chatmes_SBT_05_00_04.tbl,36,ok
table/t_chatmes_SBT_05_00_05.tbl,36,ok
table/t_chr_name.tbl,0,empty
table/t_chrdata.tbl,0,empty
table/t_collision_info.tbl,0,empty
table/t_condition_info.tbl,20,ok
table/t_constant_value.tbl,0,empty
table/t_costume.tbl,0,empty
table/t_dlc.tbl,0,empty
table/t_dlc_appid_convert.tbl,0,empty
table/t_dungeon.tbl,0,empty
table/t_dungeon_quest.tbl,0,empty
table/t_dungeon_result.tbl,0,empty
table/t_effect.tbl,0,empty
table/t_ending_production.tbl,0,empty
table/t_event.tbl,124,ok
table/t_event_box.tbl,0,empty
table/t_event_day.tbl,0,empty
table/t_evmes_00_00_00.tbl,18,ok
table/t_evmes_00_00_00_02.tbl,0,empty
table/t_evmes_00_00_00_03.tbl,4,ok
table/t_evmes_00_00_01.tbl,24,ok
table/t_evmes_00_01_00.tbl,18,ok
table/t_evmes_00_01_02.tbl,2,ok
table/t_evmes_00_02_00.tbl,12,ok
table/t_evmes_00_02_01.tbl,5,ok
table/t_evmes_00_02_03.tbl,9,ok
table/t_evmes_00_03_00.tbl,14,ok
table/t_evmes_00_04_00.tbl,107,ok
table/t_evmes_01_00_00.tbl,1,ok
table/t_evmes_01_00_01.tbl,130,ok
table/t_evmes_01_00_02.tbl,57,ok
table/t_evmes_01_01_00.tbl,77,ok
table/t_evmes_01_02_00.tbl,16,ok
table/t_evmes_01_03_00.tbl,13,ok
table/t_evmes_01_03_01.tbl,62,ok
table/t_evmes_01_03_02.tbl,4,ok
table/t_evmes_01_04_00.tbl,2,ok
table/t_evmes_01_04_01.tbl,13,ok
table/t_evmes_01_05_00.tbl,3,ok
table/t_evmes_01_05_01.tbl,40,ok
table/t_evmes_01_06_00.tbl,26,ok
table/t_evmes_01_07_00.tbl,16,ok
table/t_evmes_01_08_00.tbl,12,ok
table/t_evmes_01_08_01.tbl,37,ok
table/t_evmes_01_09_00.tbl,7,ok
table/t_evmes_01_09_01.tbl,17,ok
table/t_evmes_01_10_00.tbl,131,ok
table/t_evmes_01_10_01.tbl,84,ok
table/t_evmes_01_11_00.tbl,45,ok
table/t_evmes_01_12_00.tbl,57,ok
table/t_evmes_01_12_01.tbl,47,ok
table/t_evmes_01_12_02.tbl,11,ok
table/t_evmes_01_13_00.tbl,15,ok
table/t_evmes_01_14_00.tbl,65,ok
table/t_evmes_01_15_00.tbl,7,ok
table/t_evmes_01_16_00.tbl,27,ok
table/t_evmes_01_17_00.tbl,34,ok
table/t_evmes_01_18_01.tbl,62,ok
table/t_evmes_01_18_03.tbl,21,ok
table/t_evmes_01_18_04.tbl,97,ok
table/t_evmes_01_19_00.tbl,18,ok
table/t_evmes_01_19_02.tbl,67,ok
table/t_evmes_01_20_00.tbl,25,ok
table/t_evmes_01_CL_00.tbl,57,ok
table/t_evmes_01_CL_01.tbl,58,ok
table/t_evmes_01_SUB_00.tbl,10,ok
table/t_evmes_01_SUB_01.tbl,0,empty
table/t_evmes_01_SUB_02.tbl,3,ok
table/t_evmes_01_SUB_03_00.tbl,1,ok
table/t_evmes_01_SUB_03_01.tbl,9,ok
table/t_evmes_01_SUB_03_02.tbl,1,ok
table/t_evmes_01_SUB_03_03.tbl,2,ok
table/t_evmes_01_SUB_03_04.tbl,1,ok
table/t_evmes_01_SUB_04_00.tbl,1,ok
table/t_evmes_01_SUB_04_01.tbl,8,ok
table/t_evmes_01_SUB_04_02.tbl,1,ok
table/t_evmes_01_SUB_04_03.tbl,7,ok
table/t_evmes_01_SUB_04_04.tbl,1,ok
table/t_evmes_01_SUB_05_00.tbl,2,ok
table/t_evmes_01_SUB_05_01.tbl,6,ok
table/t_evmes_01_SUB_05_02.tbl,2,ok
table/t_evmes_01_SUB_06_00.tbl,1,ok
table/t_evmes_01_SUB_06_01.tbl,5,ok
table/t_evmes_01_SUB_06_02.tbl,2,ok
table/t_evmes_01_SUB_07.tbl,2,ok
table/t_evmes_01_SUB_08.tbl,2,ok
table/t_evmes_01_SUB_10_00.tbl,2,ok
table/t_evmes_01_SUB_10_01.tbl,5,ok
table/t_evmes_01_SUB_11.tbl,17,ok
table/t_evmes_01_SUB_13.tbl,3,ok
table/t_evmes_01_SUB_14.tbl,42,ok
table/t_evmes_01_SUB_15.tbl,30,ok
table/t_evmes_01_SUB_16.tbl,27,ok
table/t_evmes_01_SUB_17.tbl,3,ok
table/t_evmes_01_SUB_18.tbl,35,ok
table/t_evmes_01_SUB_19.tbl,4,ok
table/t_evmes_01_SUB_20.tbl,3,ok
table/t_evmes_01_SUB_21.tbl,4,ok
table/t_evmes_01_SUB_25.tbl,57,ok
table/t_evmes_01_SUB_27.tbl,17,ok
table/t_evmes_01_SUB_30.tbl,4,ok
table/t_evmes_01_SUB_31.tbl,3,ok
table/t_evmes_01_SUB_32.tbl,1,ok
table/t_evmes_01_SUB_33.tbl,3,ok
table/t_evmes_01_SUB_34.tbl,2,ok
table/t_evmes_01_SUB_35.tbl,4,ok
table/t_evmes_01_SUB_37.tbl,6,ok
table/t_evmes_01_SUB_38.tbl,1,ok
table/t_evmes_01_SUB_39.tbl,9,ok
table/t_evmes_01_SUB_40.tbl,2,ok
table/t_evmes_01_SUB_41.tbl,2,ok
table/t_evmes_01_SUB_42.tbl,0,empty
table/t_evmes_01_SUB_44.tbl,2,ok
table/t_evmes_01_SUB_51.tbl,2,ok
table/t_evmes_01_SUB_52.tbl,1,ok
table/t_evmes_01_SUB_80.tbl,12,ok
table/t_evmes_01_TU_00.tbl,7,ok
table/t_evmes_01_TU_01.tbl,2,ok
table/t_evmes_01_TU_02.tbl,1,ok
table/t_evmes_01_TU_03.tbl,2,ok
table/t_evmes_01_TU_04.tbl,2,ok
table/t_evmes_01_TU_05.tbl,3,ok
table/t_evmes_01_TU_06.tbl,3,ok
table/t_evmes_01_TU_07.tbl,2,ok
table/t_evmes_01_TU_08.tbl,2,ok
table/t_evmes_01_TU_09.tbl,2,ok
table/t_evmes_01_TU_10.tbl,3,ok
table/t_evmes_01_TU_11.tbl,2,ok
table/t_evmes_01_TU_12.tbl,1,ok
table/t_evmes_01_TU_13.tbl,3,ok
table/t_evmes_01_TU_14.tbl,1,ok
table/t_evmes_01_TU_15.tbl,2,ok
table/t_evmes_01_TU_16.tbl,2,ok
table/t_evmes_01_TU_17.tbl,2,ok
table/t_evmes_01_TU_18.tbl,2,ok
table/t_evmes_01_TU_19.tbl,0,empty
table/t_evmes_02_00_00.tbl,31,ok
table/t_evmes_02_01_00.tbl,7,ok
table/t_evmes_02_02_00.tbl,2,ok
table/t_evmes_02_02_01.tbl,0,empty
table/t_evmes_02_02_02.tbl,11,ok
table/t_evmes_02_03_00.tbl,109,ok
table/t_evmes_02_04_00.tbl,47,ok
table/t_evmes_02_05_00.tbl,134,ok
table/t_evmes_02_06_00.tbl,4,ok
table/t_evmes_02_07_00.tbl,13,ok
table/t_evmes_02_07_01.tbl,2,ok
table/t_evmes_02_07_02.tbl,1,ok
table/t_evmes_02_07_03.tbl,3,ok
table/t_evmes_02_08_00.tbl,24,ok
table/t_evmes_02_09_00.tbl,162,ok
table/t_evmes_02_10_00.tbl,5,ok
table/t_evmes_02_11_00.tbl,65,ok
table/t_evmes_02_12_00.tbl,8,ok
table/t_evmes_02_13_00.tbl,12,ok
table/t_evmes_02_14_00.tbl,91,ok
table/t_evmes_02_15_00.tbl,54,ok
table/t_evmes_02_16_00.tbl,2,ok
table/t_evmes_02_17_00.tbl,91,ok
table/t_evmes_02_17_50.tbl,47,ok
table/t_evmes_02_18_00.tbl,113,ok
table/t_evmes_02_19_00.tbl,6,ok
table/t_evmes_02_20_00.tbl,10,ok
table/t_evmes_02_20_01.tbl,102,ok
table/t_evmes_02_21_00.tbl,47,ok
table/t_evmes_02_22_00.tbl,58,ok
table/t_evmes_02_22_01.tbl,24,ok
table/t_evmes_02_22_02.tbl,26,ok
table/t_evmes_02_23_00.tbl,10,ok
table/t_evmes_02_23_01.tbl,52,ok
table/t_evmes_02_24_00.tbl,83,ok
table/t_evmes_02_25_00.tbl,8,ok
table/t_evmes_02_26_00.tbl,3,ok
table/t_evmes_02_26_01.tbl,0,empty
table/t_evmes_02_26_02.tbl,28,ok
table/t_evmes_02_27_00.tbl,23,ok
table/t_evmes_02_28_00.tbl,20,ok
table/t_evmes_02_29_00.tbl,65,ok
table/t_evmes_02_30_00.tbl,54,ok
table/t_evmes_02_30_01.tbl,4,ok
table/t_evmes_02_31_00.tbl,3,ok
table/t_evmes_02_32_00.tbl,1,ok
table/t_evmes_02_32_01.tbl,24,ok
table/t_evmes_02_32_02.tbl,0,empty
table/t_evmes_02_32_03.tbl,19,ok
table/t_evmes_02_33_00.tbl,6,ok
table/t_evmes_02_33_01.tbl,0,empty
table/t_evmes_02_33_02.tbl,10,ok
table/t_evmes_02_34_00.tbl,160,ok
table/t_evmes_02_35_00.tbl,34,ok
table/t_evmes_02_CL_00.tbl,38,ok
table/t_evmes_02_CL_01.tbl,18,ok
table/t_evmes_02_CL_02.tbl,9,ok
table/t_evmes_02_CL_04.tbl,8,ok
table/t_evmes_02_SUB_06.tbl,8,ok
table/t_evmes_02_SUB_07.tbl,3,ok
table/t_evmes_02_SUB_08.tbl,2,ok
table/t_evmes_02_SUB_09.tbl,2,ok
table/t_evmes_02_SUB_10.tbl,17,ok
table/t_evmes_02_SUB_11.tbl,4,ok
table/t_evmes_02_SUB_12.tbl,54,ok
table/t_evmes_02_SUB_16.tbl,2,ok
table/t_evmes_02_SUB_17.tbl,6,ok
table/t_evmes_02_SUB_18.tbl,1,ok
table/t_evmes_02_SUB_19.tbl,6,ok
table/t_evmes_02_SUB_27.tbl,1,ok
table/t_evmes_02_SUB_50.tbl,28,ok
table/t_evmes_02_SUB_51.tbl,23,ok
table/t_evmes_02_SUB_53.tbl,20,ok
table/t_evmes_02_SUB_54.tbl,18,ok
table/t_evmes_02_TU_00.tbl,5,ok
table/t_evmes_02_TU_01.tbl,7,ok
table/t_evmes_02_TU_02.tbl,7,ok
table/t_evmes_02_TU_03.tbl,6,ok
table/t_evmes_02_TU_04.tbl,3,ok
table/t_evmes_02_TU_05.tbl,5,ok
table/t_evmes_02_TU_06.tbl,1,ok
table/t_evmes_02_TU_07.tbl,3,ok
table/t_evmes_02_TU_08.tbl,2,ok
table/t_evmes_02_TU_09.tbl,5,ok
table/t_evmes_02_TU_10_00.tbl,49,ok
table/t_evmes_02_TU_10_01.tbl,33,ok
table/t_evmes_02_TU_11.tbl,1,ok
table/t_evmes_02_TU_12.tbl,2,ok
table/t_evmes_02_TU_13.tbl,2,ok
table/t_evmes_03_00_00.tbl,4,ok
table/t_evmes_03_00_01.tbl,27,ok
table/t_evmes_03_00_02.tbl,6,ok
table/t_evmes_03_01_00.tbl,62,ok
table/t_evmes_03_02_00.tbl,29,ok
table/t_evmes_03_03_00.tbl,16,ok
table/t_evmes_03_04_00.tbl,26,ok
table/t_evmes_03_04_01.tbl,0,empty
table/t_evmes_03_04_02.tbl,31,ok
table/t_evmes_03_04_02_01.tbl,6,ok
table/t_evmes_03_04_03.tbl,0,empty
table/t_evmes_03_04_04.tbl,27,ok
table/t_evmes_03_05_00.tbl,31,ok
table/t_evmes_03_06_00.tbl,52,ok
table/t_evmes_03_07_00.tbl,15,ok
table/t_evmes_03_08_00.tbl,133,ok
table/t_evmes_03_09_00.tbl,22,ok
table/t_evmes_03_10_00.tbl,47,ok
table/t_evmes_03_10_01.tbl,8,ok
table/t_evmes_03_10_02.tbl,30,ok
table/t_evmes_03_10_03.tbl,4,ok
table/t_evmes_03_11_00.tbl,83,ok
table/t_evmes_03_12_00.tbl,88,ok
table/t_evmes_03_13_00.tbl,46,ok
table/t_evmes_03_14_00.tbl,102,ok
table/t_evmes_03_15_00.tbl,16,ok
table/t_evmes_03_16_00.tbl,0,empty
table/t_evmes_03_16_01.tbl,29,ok
table/t_evmes_03_17_00.tbl,56,ok
table/t_evmes_03_17_01.tbl,21,ok
table/t_evmes_03_17_02.tbl,40,ok
table/t_evmes_03_18_00.tbl,6,ok
table/t_evmes_03_18_01.tbl,31,ok
table/t_evmes_03_18_02.tbl,50,ok
table/t_evmes_03_19_00.tbl,18,ok
table/t_evmes_03_20_00.tbl,16,ok
table/t_evmes_03_21_00.tbl,32,ok
table/t_evmes_03_22_00.tbl,40,ok
table/t_evmes_03_23_00.tbl,0,empty
table/t_evmes_03_23_01.tbl,15,ok
table/t_evmes_03_23_02.tbl,19,ok
table/t_evmes_03_24_00.tbl,0,empty
table/t_evmes_03_24_01.tbl,8,ok
table/t_evmes_03_24_02.tbl,17,ok
table/t_evmes_03_25_00.tbl,21,ok
table/t_evmes_03_25_01.tbl,0,empty
table/t_evmes_03_26_00.tbl,88,ok
table/t_evmes_03_27_00.tbl,0,empty
table/t_evmes_03_27_01.tbl,18,ok
table/t_evmes_03_28_00.tbl,89,ok
table/t_evmes_03_28_01.tbl,0,empty
table/t_evmes_03_28_02.tbl,8,ok
table/t_evmes_03_28_03.tbl,42,ok
table/t_evmes_03_29_00.tbl,28,ok
table/t_evmes_03_30_00.tbl,30,ok
table/t_evmes_03_CL_00.tbl,10,ok
table/t_evmes_03_CL_01.tbl,42,ok
table/t_evmes_03_CL_02.tbl,15,ok
table/t_evmes_03_CL_04.tbl,8,ok
table/t_evmes_03_CL_05.tbl,17,ok
table/t_evmes_03_SUB_00.tbl,3,ok
table/t_evmes_03_SUB_01.tbl,3,ok
table/t_evmes_03_SUB_02.tbl,14,ok
table/t_evmes_03_SUB_03.tbl,5,ok
table/t_evmes_03_SUB_04.tbl,2,ok
table/t_evmes_03_SUB_05.tbl,9,ok
table/t_evmes_03_SUB_06.tbl,10,ok
table/t_evmes_03_SUB_07.tbl,12,ok
table/t_evmes_03_SUB_10.tbl,15,ok
table/t_evmes_03_SUB_12.tbl,15,ok
table/t_evmes_03_SUB_13.tbl,8,ok
table/t_evmes_03_SUB_14.tbl,1,ok
table/t_evmes_03_SUB_15.tbl,4,ok
table/t_evmes_03_SUB_50.tbl,26,ok
table/t_evmes_03_SUB_51.tbl,17,ok
table/t_evmes_03_SUB_52.tbl,25,ok
table/t_evmes_03_SUB_53.tbl,25,ok
table/t_evmes_03_SUB_54.tbl,22,ok
table/t_evmes_03_TU_00.tbl,6,ok
table/t_evmes_03_TU_01.tbl,4,ok
table/t_evmes_03_TU_02.tbl,1,ok
table/t_evmes_03_TU_03.tbl,2,ok
table/t_evmes_04_00_00.tbl,49,ok
table/t_evmes_04_00_01.tbl,47,ok
table/t_evmes_04_00_02.tbl,73,ok
table/t_evmes_04_00_03.tbl,50,ok
table/t_evmes_04_01_00.tbl,14,ok
table/t_evmes_04_02_00.tbl,86,ok
table/t_evmes_04_03_00.tbl,11,ok
table/t_evmes_04_03_01.tbl,69,ok
table/t_evmes_04_03_02.tbl,57,ok
table/t_evmes_04_04_00.tbl,14,ok
table/t_evmes_04_05_00.tbl,58,ok
table/t_evmes_04_06_00.tbl,14,ok
table/t_evmes_04_06_01.tbl,19,ok
table/t_evmes_04_06_02.tbl,57,ok
table/t_evmes_04_06_03.tbl,58,ok
table/t_evmes_04_06_04.tbl,65,ok
table/t_evmes_04_07_00.tbl,20,ok
table/t_evmes_04_07_01.tbl,24,ok
table/t_evmes_04_07_02.tbl,38,ok
table/t_evmes_04_08_00.tbl,4,ok
table/t_evmes_04_09_00.tbl,34,ok
table/t_evmes_04_10_00.tbl,15,ok
table/t_evmes_04_10_01.tbl,6,ok
table/t_evmes_04_11_00.tbl,34,ok
table/t_evmes_04_11_01.tbl,6,ok
table/t_evmes_04_11_03.tbl,42,ok
table/t_evmes_04_11_04.tbl,15,ok
table/t_evmes_04_12_00.tbl,4,ok
table/t_evmes_04_12_01.tbl,4,ok
table/t_evmes_04_12_02.tbl,13,ok
table/t_evmes_04_12_02_01.tbl,11,ok
table/t_evmes_04_12_03.tbl,27,ok
table/t_evmes_04_13_00.tbl,101,ok
table/t_evmes_04_14_00.tbl,69,ok
table/t_evmes_04_15_00.tbl,22,ok
table/t_evmes_04_15_01.tbl,24,ok
table/t_evmes_04_15_02.tbl,2,ok
table/t_evmes_04_15_04.tbl,8,ok
table/t_evmes_04_16_00.tbl,70,ok
table/t_evmes_04_17_00.tbl,34,ok
table/t_evmes_04_18_00.tbl,32,ok
table/t_evmes_04_19_00.tbl,34,ok
table/t_evmes_04_19_01.tbl,23,ok
table/t_evmes_04_19_02.tbl,8,ok
table/t_evmes_04_20_00.tbl,7,ok
table/t_evmes_04_20_02.tbl,30,ok
table/t_evmes_04_21_00.tbl,122,ok
table/t_evmes_04_22_00.tbl,41,ok
table/t_evmes_04_23_00.tbl,55,ok
table/t_evmes_04_24_00.tbl,0,empty
table/t_evmes_04_24_01.tbl,0,empty
table/t_evmes_04_24_02.tbl,28,ok
table/t_evmes_04_25_00.tbl,0,empty
table/t_evmes_04_25_01.tbl,18,ok
table/t_evmes_04_26_00.tbl,5,ok
table/t_evmes_04_27_00.tbl,84,ok
table/t_evmes_04_28_00.tbl,95,ok
table/t_evmes_04_29_00.tbl,37,ok
table/t_evmes_04_30_00.tbl,82,ok
table/t_evmes_04_31_00.tbl,73,ok
table/t_evmes_04_32_00.tbl,26,ok
table/t_evmes_04_CL_00.tbl,16,ok
table/t_evmes_04_CL_02.tbl,10,ok
table/t_evmes_04_CL_03.tbl,53,ok
table/t_evmes_04_CL_04.tbl,10,ok
table/t_evmes_04_SUB_00.tbl,4,ok
table/t_evmes_04_SUB_01.tbl,4,ok
table/t_evmes_04_SUB_02.tbl,3,ok
table/t_evmes_04_SUB_03.tbl,5,ok
table/t_evmes_04_SUB_04.tbl,25,ok
table/t_evmes_04_SUB_06.tbl,6,ok
table/t_evmes_04_SUB_07.tbl,1,ok
table/t_evmes_04_SUB_50.tbl,21,ok
table/t_evmes_04_SUB_51.tbl,22,ok
table/t_evmes_04_SUB_52.tbl,12,ok
table/t_evmes_04_SUB_53.tbl,11,ok
table/t_evmes_04_SUB_54.tbl,13,ok
table/t_evmes_04_TU_00_00.tbl,4,ok
table/t_evmes_04_TU_00_01.tbl,1,ok
table/t_evmes_04_TU_01.tbl,1,ok
table/t_evmes_04_TU_02.tbl,2,ok
table/t_evmes_05_00_00.tbl,8,ok
table/t_evmes_05_00_02.tbl,63,ok
table/t_evmes_05_01_00.tbl,35,ok
table/t_evmes_05_01_01.tbl,65,ok
table/t_evmes_05_02_00.tbl,86,ok
table/t_evmes_05_03_00.tbl,93,ok
table/t_evmes_05_04_00.tbl,131,ok
table/t_evmes_05_05_00.tbl,67,ok
table/t_evmes_05_06_00.tbl,45,ok
table/t_evmes_05_07_00.tbl,37,ok
table/t_evmes_05_08_00.tbl,30,ok
table/t_evmes_05_08_01.tbl,3,ok
table/t_evmes_05_09_00.tbl,46,ok
table/t_evmes_05_09_01.tbl,16,ok
table/t_evmes_05_09_02.tbl,10,ok
table/t_evmes_05_09_03.tbl,113,ok
table/t_evmes_05_10_00.tbl,61,ok
table/t_evmes_05_11_00.tbl,70,ok
table/t_evmes_05_12_00.tbl,12,ok
table/t_evmes_05_12_01.tbl,8,ok
table/t_evmes_05_13_00.tbl,24,ok
table/t_evmes_05_13_01.tbl,23,ok
table/t_evmes_05_14_00.tbl,61,ok
table/t_evmes_05_14_01.tbl,16,ok
table/t_evmes_05_14_03.tbl,68,ok
table/t_evmes_05_14_04.tbl,8,ok
table/t_evmes_05_14_05.tbl,9,ok
table/t_evmes_05_14_06.tbl,110,ok
table/t_evmes_05_14_07.tbl,8,ok
table/t_evmes_05_15_00.tbl,26,ok
table/t_evmes_05_15_01.tbl,45,ok
table/t_evmes_05_15_02.tbl,9,ok
table/t_evmes_05_15_03.tbl,0,empty
table/t_evmes_05_15_04.tbl,14,ok
table/t_evmes_05_15_05.tbl,5,ok
table/t_evmes_05_15_06.tbl,8,ok
table/t_evmes_05_15_07.tbl,88,ok
table/t_evmes_05_16_00.tbl,32,ok
table/t_evmes_05_16_00_01.tbl,41,ok
table/t_evmes_05_16_01.tbl,59,ok
table/t_evmes_05_16_02.tbl,65,ok
table/t_evmes_05_17_00.tbl,5,ok
table/t_evmes_05_17_02.tbl,23,ok
table/t_evmes_05_18_00.tbl,57,ok
table/t_evmes_05_18_02.tbl,114,ok
table/t_evmes_05_18_04.tbl,20,ok
table/t_evmes_05_18_05.tbl,47,ok
table/t_evmes_05_19_00.tbl,143,ok
table/t_evmes_05_19_02.tbl,40,ok
table/t_evmes_05_19_02_00.tbl,4,ok
table/t_evmes_05_19_04.tbl,11,ok
table/t_evmes_05_19_05.tbl,10,ok
table/t_evmes_05_19_06.tbl,4,ok
table/t_evmes_05_19_07.tbl,34,ok
table/t_evmes_05_20_00.tbl,49,ok
table/t_evmes_05_20_02.tbl,14,ok
table/t_evmes_05_CL_00.tbl,10,ok
table/t_evmes_05_CL_01.tbl,33,ok
table/t_evmes_05_CL_02.tbl,27,ok
table/t_evmes_05_CL_04.tbl,12,ok
table/t_evmes_05_CL_05.tbl,64,ok
table/t_evmes_05_CL_06.tbl,18,ok
table/t_evmes_05_SUB_00.tbl,7,ok
table/t_evmes_05_SUB_01.tbl,2,ok
table/t_evmes_05_SUB_02.tbl,18,ok
table/t_evmes_05_SUB_03.tbl,2,ok
table/t_evmes_05_SUB_04.tbl,40,ok
table/t_evmes_05_SUB_05.tbl,15,ok
table/t_evmes_05_SUB_06.tbl,7,ok
table/t_evmes_05_SUB_07.tbl,1,ok
table/t_evmes_05_SUB_50.tbl,23,ok
table/t_evmes_05_SUB_51.tbl,28,ok
table/t_evmes_05_SUB_52.tbl,22,ok
table/t_evmes_05_SUB_53.tbl,16,ok
table/t_evmes_05_SUB_54.tbl,24,ok
table/t_evmes_05_SUB_55.tbl,16,ok
table/t_evmes_05_TU_00.tbl,5,ok
table/t_evmes_05_TU_01.tbl,1,ok
table/t_evmes_05_TU_02.tbl,2,ok
table/t_evmes_SBK_18_00_00.tbl,80,ok
table/t_evmes_SBK_18_01_00.tbl,106,ok
table/t_evmes_SBK_18_02_00.tbl,45,ok
table/t_evmes_SBK_18_02_01.tbl,9,ok
table/t_evmes_SBK_18_02_02.tbl,107,ok
table/t_evmes_SBK_18_02_03.tbl,33,ok
table/t_evmes_SBK_19_00_00.tbl,89,ok
table/t_evmes_SBK_19_01_00.tbl,40,ok
table/t_evmes_SBK_19_01_01.tbl,87,ok
table/t_evmes_SBK_19_02_00.tbl,139,ok
table/t_evmes_SBK_20_00_00.tbl,8,ok
table/t_evmes_SBK_20_00_01.tbl,24,ok
table/t_evmes_SBK_20_00_02.tbl,24,ok
table/t_evmes_SBK_20_01_00.tbl,26,ok
table/t_evmes_SBK_20_01_01.tbl,43,ok
table/t_evmes_SBK_20_02_00.tbl,6,ok
table/t_evmes_SBK_20_02_01.tbl,52,ok
table/t_evmes_SBK_20_02_02.tbl,20,ok
table/t_evmes_SBK_21_00_00.tbl,72,ok
table/t_evmes_SBK_21_01_00.tbl,106,ok
table/t_evmes_SBK_21_02_00.tbl,78,ok
table/t_evmes_SBK_22_00_00.tbl,55,ok
table/t_evmes_SBK_22_01_00.tbl,44,ok
table/t_evmes_SBK_22_02_00.tbl,8,ok
table/t_evmes_SBK_22_02_01.tbl,54,ok
table/t_evmes_SBK_23_00_00.tbl,114,ok
table/t_evmes_SBK_23_01_00.tbl,36,ok
table/t_evmes_SBK_23_01_01.tbl,14,ok
table/t_evmes_SBK_23_01_02.tbl,49,ok
table/t_evmes_SBK_23_02_00.tbl,53,ok
table/t_evmes_SBK_23_02_01.tbl,28,ok
table/t_evmes_SBK_23_02_02.tbl,4,ok
table/t_evmes_SBK_23_02_03.tbl,5,ok
table/t_evmes_SBK_23_02_04.tbl,2,ok
table/t_evmes_SBK_23_02_05.tbl,54,ok
table/t_evmes_SBT_01_00_00.tbl,50,ok
table/t_evmes_SBT_01_01_00.tbl,57,ok
table/t_evmes_SBT_01_02_00.tbl,96,ok
table/t_evmes_SBT_02_00_00.tbl,4,ok
table/t_evmes_SBT_02_00_01.tbl,67,ok
table/t_evmes_SBT_02_01_00.tbl,40,ok
table/t_evmes_SBT_02_01_01.tbl,72,ok
table/t_evmes_SBT_02_02_00.tbl,13,ok
table/t_evmes_SBT_02_02_01.tbl,21,ok
table/t_evmes_SBT_02_02_02.tbl,9,ok
table/t_evmes_SBT_02_02_03.tbl,54,ok
table/t_evmes_SBT_02_02_04.tbl,48,ok
table/t_evmes_SBT_03_00_00.tbl,1,ok
table/t_evmes_SBT_03_00_01.tbl,30,ok
table/t_evmes_SBT_03_00_02.tbl,47,ok
table/t_evmes_SBT_03_00_03.tbl,27,ok
table/t_evmes_SBT_03_00_04.tbl,36,ok
table/t_evmes_SBT_03_01_00.tbl,21,ok
table/t_evmes_SBT_03_01_01.tbl,23,ok
table/t_evmes_SBT_03_01_02.tbl,39,ok
table/t_evmes_SBT_03_02_00_00.tbl,2,ok
table/t_evmes_SBT_03_02_00_01.tbl,7,ok
table/t_evmes_SBT_03_02_01.tbl,18,ok
table/t_evmes_SBT_03_02_02_00.tbl,5,ok
table/t_evmes_SBT_03_02_02_01.tbl,11,ok
table/t_evmes_SBT_03_02_03.tbl,26,ok
table/t_evmes_SBT_03_02_04.tbl,35,ok
table/t_evmes_SBT_03_02_05.tbl,21,ok
table/t_evmes_SBT_04_00_00.tbl,11,ok
table/t_evmes_SBT_04_00_01.tbl,20,ok
table/t_evmes_SBT_04_00_02.tbl,17,ok
table/t_evmes_SBT_04_00_03.tbl,20,ok
table/t_evmes_SBT_04_00_04.tbl,46,ok
table/t_evmes_SBT_04_00_05.tbl,22,ok
table/t_evmes_SBT_04_01_00.tbl,29,ok
table/t_evmes_SBT_04_01_01.tbl,13,ok
table/t_evmes_SBT_04_01_02.tbl,82,ok
table/t_evmes_SBT_04_02_00.tbl,118,ok
table/t_evmes_SBT_05_00_00.tbl,11,ok
table/t_evmes_SBT_05_00_01.tbl,35,ok
table/t_evmes_SBT_05_00_02.tbl,67,ok
table/t_evmes_SBT_05_00_03.tbl,17,ok
table/t_evmes_SBT_05_00_04.tbl,2,ok
table/t_evmes_SBT_05_00_05.tbl,39,ok
table/t_evmes_SBT_06_00_00.tbl,50,ok
table/t_evmes_SBT_06_01_00.tbl,12,ok
table/t_evmes_SBT_06_01_01.tbl,19,ok
table/t_evmes_SBT_06_01_02.tbl,30,ok
table/t_evmes_SBT_06_01_03.tbl,18,ok
table/t_evmes_SBT_07_00_00.tbl,48,ok
table/t_evmes_SBT_07_01_00.tbl,65,ok
table/t_evmes_SBT_08_00_00.tbl,22,ok
table/t_evmes_SBT_08_00_01.tbl,32,ok
table/t_evmes_SBT_08_00_02.tbl,34,ok
table/t_evmes_SBT_08_00_03.tbl,18,ok
table/t_evmes_SBT_08_00_04.tbl,25,ok
table/t_evmes_SBT_08_00_05.tbl,18,ok
table/t_evmes_SBT_09_00_00.tbl,66,ok
table/t_evmes_SBT_09_01_00.tbl,60,ok
table/t_evmes_SBT_10_00_00.tbl,4,ok
table/t_evmes_SBT_10_00_01.tbl,4,ok
table/t_evmes_SBT_10_00_02.tbl,4,ok
table/t_evmes_SBT_10_00_03.tbl,4,ok
table/t_evmes_SBT_10_00_04.tbl,4,ok
table/t_evmes_SBT_10_00_05.tbl,101,ok
table/t_evmes_SBT_11_00_00.tbl,1,ok
table/t_evmes_SBT_11_00_01.tbl,75,ok
table/t_evmes_SBT_12_00_00.tbl,117,ok
table/t_evmes_SBT_12_01_00.tbl,7,ok
table/t_evmes_SBT_12_01_01.tbl,97,ok
table/t_evmes_SBT_13_00_00.tbl,5,ok
table/t_evmes_SBT_13_00_01.tbl,84,ok
table/t_evmes_SBT_14_00_00.tbl,29,ok
table/t_evmes_SBT_14_01_00.tbl,49,ok
table/t_evmes_SBT_14_02_00.tbl,22,ok
table/t_evmes_SBT_14_02_01.tbl,62,ok
table/t_evmes_SBT_15_00_00.tbl,133,ok
table/t_evmes_SBT_16_00_00.tbl,90,ok
table/t_evmes_SBT_16_01_00.tbl,84,ok
table/t_evmes_SBT_17_00_00.tbl,8,ok
table/t_evmes_SBT_17_00_01.tbl,53,ok
table/t_face_anime.tbl,0,empty
table/t_facility.tbl,0,empty
table/t_gourmet.tbl,0,empty
table/t_gourmet_note.tbl,0,empty
table/t_guardian.tbl,0,empty
table/t_guardian_get.tbl,0,empty
table/t_heal_object.tbl,0,empty
table/t_help.tbl,0,empty
table/t_inc.tbl,0,empty
table/t_item.tbl,1903,ok
table/t_keyword.tbl,0,empty
table/t_lookpoint.tbl,0,empty
table/t_map_gimmick.tbl,0,empty
table/t_map_name_production.tbl,0,empty
table/t_mapjump.tbl,0,empty
table/t_mapjump_dungeon.tbl,0,empty
table/t_marker.tbl,0,empty
table/t_minimap.tbl,0,empty
table/t_minimap_icon.tbl,0,empty
table/t_mon_a0500.tbl,0,empty
table/t_mon_a0501.tbl,0,empty
table/t_mon_a1000.tbl,0,empty
table/t_mon_a1001.tbl,0,empty
table/t_mon_a1008.tbl,0,empty
table/t_mon_a9010.tbl,0,empty
table/t_mon_b0650.tbl,0,empty
table/t_mon_c0016.tbl,0,empty
table/t_mon_d0000.tbl,0,empty
table/t_mon_d0000c.tbl,0,empty
table/t_mon_d0000d.tbl,0,empty
table/t_mon_d0010.tbl,0,empty
table/t_mon_d0011.tbl,0,empty
table/t_mon_d0015.tbl,0,empty
table/t_mon_d0017.tbl,0,empty
table/t_mon_d0018.tbl,0,empty
table/t_mon_d0020.tbl,0,empty
table/t_mon_d0050.tbl,0,empty
table/t_mon_d0051.tbl,0,empty
table/t_mon_d0052.tbl,0,empty
table/t_mon_d0100.tbl,0,empty
table/t_mon_d0110.tbl,0,empty
table/t_mon_d0111.tbl,0,empty
table/t_mon_d0200.tbl,0,empty
table/t_mon_d0210.tbl,0,empty
table/t_mon_d0211.tbl,0,empty
table/t_mon_d0212.tbl,0,empty
table/t_mon_d0300.tbl,0,empty
table/t_mon_d0310.tbl,0,empty
table/t_mon_d0312.tbl,0,empty
table/t_mon_d0400.tbl,0,empty
table/t_mon_d0410.tbl,0,empty
table/t_mon_d0500.tbl,0,empty
table/t_mon_d0510.tbl,0,empty
table/t_mon_d0511.tbl,0,empty
table/t_mon_d0600.tbl,0,empty
table/t_mon_d0610.tbl,0,empty
table/t_mon_d0650.tbl,0,empty
table/t_mon_d0651.tbl,0,empty
table/t_mon_d0652.tbl,0,empty
table/t_mon_d0700.tbl,0,empty
table/t_mon_d0800.tbl,0,empty
table/t_mon_d0810.tbl,0,empty
table/t_mon_d0811.tbl,0,empty
table/t_mon_d0812.tbl,0,empty
table/t_mon_d0900.tbl,0,empty
table/t_mon_d0910.tbl,0,empty
table/t_mon_d1000.tbl,0,empty
table/t_mon_d1010.tbl,0,empty
table/t_mon_d1100.tbl,0,empty
table/t_mon_d1110.tbl,0,empty
table/t_mon_d1111.tbl,0,empty
table/t_mon_d1112.tbl,0,empty
table/t_mon_e0300.tbl,0,empty
table/t_monster_door.tbl,0,empty
table/t_monster_note.tbl,0,empty
table/t_musubi.tbl,0,empty
table/t_name.tbl,531,ok
table/t_npc_a0500.tbl,0,empty
table/t_npc_a1001.tbl,0,empty
table/t_npc_a1004.tbl,0,empty
table/t_npc_a1005.tbl,0,empty
table/t_npc_a1009.tbl,0,empty
table/t_npc_a1032.tbl,0,empty
table/t_npc_a1041.tbl,0,empty
table/t_npc_a1042.tbl,0,empty
table/t_npc_a1043.tbl,0,empty
table/t_npc_a9012.tbl,0,empty
table/t_npc_c0000.tbl,0,empty
table/t_npc_c0001.tbl,0,empty
table/t_npc_c0010.tbl,0,empty
table/t_npc_c0014.tbl,0,empty
table/t_npc_c0015.tbl,0,empty
table/t_npc_c0020.tbl,0,empty
table/t_npc_c0031.tbl,0,empty
table/t_npc_c0100.tbl,0,empty
table/t_npc_c0200.tbl,0,empty
table/t_npc_c0300.tbl,0,empty
table/t_npc_c0400.tbl,0,empty
table/t_npc_c0500.tbl,0,empty
table/t_npc_c0600.tbl,0,empty
table/t_npc_c0700.tbl,0,empty
table/t_npc_d0100.tbl,0,empty
table/t_npc_d0200.tbl,0,empty
table/t_npc_d0300.tbl,0,empty
table/t_npc_d0400.tbl,0,empty
table/t_npc_d0500.tbl,0,empty
table/t_npc_d0600.tbl,0,empty
table/t_npc_d0800.tbl,0,empty
table/t_npc_d1000.tbl,0,empty
table/t_npc_e9000.tbl,0,empty
table/t_parttime.tbl,0,empty
table/t_place.tbl,0,empty
table/t_portrait.tbl,0,empty
table/t_realtime_tutorial.tbl,0,empty
table/t_sacred_tree.tbl,0,empty
table/t_scene_actor.tbl,0,empty
table/t_scptxt_a1004.tbl,0,empty
table/t_scptxt_c0020.tbl,0,empty
table/t_scptxt_sys_sideview.tbl,0,empty
table/t_se.tbl,0,empty
table/t_shop_equip.tbl,0,empty
table/t_shop_medicine.tbl,0,empty
table/t_shop_normal.tbl,0,empty
table/t_skill.tbl,0,empty
table/t_soul_ability_tree.tbl,0,empty
table/t_soul_device.tbl,0,empty
table/t_soul_level.tbl,0,empty
table/t_spot_character.tbl,0,empty
table/t_spot_discovery.tbl,0,empty
table/t_spot_menu.tbl,0,empty
table/t_status.tbl,0,empty
table/t_systemannounce.tbl,387,ok
table/t_tbox.tbl,0,empty
table/t_team_name.tbl,0,empty
table/t_template_actor.tbl,0,empty
table/t_text.tbl,1322,ok
table/t_time_change.tbl,0,empty
table/t_tips.tbl,10,ok
table/t_todo.tbl,0,empty
table/t_uds.tbl,0,empty
table/t_voice.tbl,0,empty
table/t_voice_play.tbl,0,empty
