file,strings_in_map,status
table/t_achievement.tbl,262,ok
table/t_action_card.tbl,55,ok
table/t_action_card_support.tbl,83,ok
table/t_action_course.tbl,616,ok
table/t_active_voice.tbl,509,ok
table/t_ani_param.tbl,0,no_text
table/t_battle_0001.tbl,0,no_text
table/t_battle_0110.tbl,0,no_text
table/t_battle_0120.tbl,0,no_text
table/t_battle_0130.tbl,0,no_text
table/t_battle_0150.tbl,0,no_text
table/t_battle_0160.tbl,0,no_text
table/t_battle_0210.tbl,0,no_text
table/t_battle_0220.tbl,0,no_text
table/t_battle_0250.tbl,0,no_text
table/t_battle_0310.tbl,0,no_text
table/t_battle_0320.tbl,0,no_text
table/t_battle_0350.tbl,0,no_text
table/t_battle_0360.tbl,0,no_text
table/t_battle_0410.tbl,0,no_text
table/t_battle_0420.tbl,0,no_text
table/t_battle_0450.tbl,0,no_text
table/t_battle_0510.tbl,0,no_text
table/t_battle_0550.tbl,0,no_text
table/t_battle_0560.tbl,0,no_text
table/t_battle_0610.tbl,0,no_text
table/t_battle_0620.tbl,0,no_text
table/t_battle_0650.tbl,0,no_text
table/t_battle_0660.tbl,0,no_text
table/t_battle_0710.tbl,0,no_text
table/t_battle_0720.tbl,0,no_text
table/t_battle_0750.tbl,0,no_text
table/t_battle_0760.tbl,0,no_text
table/t_battle_0810.tbl,0,no_text
table/t_battle_0820.tbl,0,no_text
table/t_battle_0850.tbl,0,no_text
table/t_battle_0860.tbl,0,no_text
table/t_battle_1010.tbl,0,no_text
table/t_battle_1020.tbl,0,no_text
table/t_battle_1030.tbl,0,no_text
table/t_battle_10304.tbl,0,no_text
table/t_battle_10305.tbl,0,no_text
table/t_battle_10402.tbl,0,no_text
table/t_battle_10403.tbl,0,no_text
table/t_battle_10404.tbl,0,no_text
table/t_battle_1050.tbl,0,no_text
table/t_battle_1110.tbl,0,no_text
table/t_battle_1120.tbl,0,no_text
table/t_battle_1150.tbl,0,no_text
table/t_battle_1160.tbl,0,no_text
table/t_battle_5020.tbl,0,no_text
table/t_battle_5021.tbl,0,no_text
table/t_battle_5022.tbl,0,no_text
table/t_battle_5030.tbl,0,no_text
table/t_battle_5031.tbl,0,no_text
table/t_battle_5032.tbl,0,no_text
table/t_battle_5033.tbl,0,no_text
table/t_battle_5040.tbl,0,no_text
table/t_battle_5041.tbl,0,no_text
table/t_battle_5042.tbl,0,no_text
table/t_battle_5050.tbl,0,no_text
table/t_battle_5051.tbl,0,no_text
table/t_battle_5052.tbl,0,no_text
table/t_battle_5053.tbl,0,no_text
table/t_battle_5054.tbl,0,no_text
table/t_battle_9997.tbl,0,no_text
table/t_battle_9998.tbl,0,no_text
table/t_battle_9999.tbl,0,no_text
table/t_bgm.tbl,0,no_text
table/t_bgmset.tbl,0,no_text
table/t_break_object.tbl,0,no_text
table/t_btlsys.tbl,42,ok
table/t_chapter.tbl,20,ok
table/t_chat.tbl,110,ok
table/t_chatmes_01_05_00.tbl,37,ok
table/t_chatmes_01_09_01.tbl,15,ok
table/t_chatmes_01_11_00.tbl,41,ok
table/t_chatmes_01_13_00.tbl,12,ok
table/t_chatmes_01_SUB_80.tbl,12,ok
table/t_chatmes_02_12_00.tbl,3,ok
table/t_chatmes_02_17_50.tbl,47,ok
table/t_chatmes_02_20_00.tbl,8,ok
table/t_chatmes_02_24_00.tbl,31,ok
table/t_chatmes_02_29_00.tbl,5,ok
table/t_chatmes_02_29_01.tbl,8,ok
table/t_chatmes_02_SUB_50.tbl,28,ok
table/t_chatmes_02_SUB_51.tbl,14,ok
table/t_chatmes_02_SUB_53.tbl,20,ok
table/t_chatmes_02_SUB_54.tbl,18,ok
table/t_chatmes_02_TU_10_00.tbl,25,ok
table/t_chatmes_02_TU_10_01.tbl,20,ok
table/t_chatmes_03_13_00.tbl,46,ok
table/t_chatmes_03_SUB_50.tbl,26,ok
table/t_chatmes_03_SUB_51.tbl,17,ok
table/t_chatmes_03_SUB_52.tbl,25,ok
table/t_chatmes_03_SUB_53.tbl,25,ok
table/t_chatmes_03_SUB_54.tbl,22,ok
table/t_chatmes_04_07_02.tbl,37,ok
table/t_chatmes_04_SUB_50.tbl,21,ok
table/t_chatmes_04_SUB_51.tbl,22,ok
table/t_chatmes_04_SUB_52.tbl,12,ok
table/t_chatmes_04_SUB_53.tbl,11,ok
table/t_chatmes_04_SUB_54.tbl,10,ok
table/t_chatmes_05_05_00.tbl,67,ok
table/t_chatmes_05_07_00.tbl,10,ok
table/t_chatmes_05_SUB_50.tbl,23,ok
table/t_chatmes_05_SUB_51.tbl,28,ok
table/t_chatmes_05_SUB_52.tbl,22,ok
table/t_chatmes_05_SUB_53.tbl,16,ok
table/t_chatmes_05_SUB_54.tbl,24,ok
table/t_chatmes_05_SUB_55.tbl,8,ok
table/t_chatmes_CONNECT_OTOHA_02_00.tbl,4,ok
table/t_chatmes_CONNECT_OTOHA_03_00.tbl,6,ok
table/t_chatmes_CONNECT_OTOHA_04_00.tbl,4,ok
table/t_chatmes_CONNECT_OTOHA_05_01.tbl,4,ok
table/t_chatmes_SBK_19_01_00.tbl,9,ok
table/t_chatmes_SBK_19_02_00.tbl,7,ok
table/t_chatmes_SBK_23_02_00.tbl,10,ok
table/t_chatmes_SBT_05_00_04.tbl,36,ok
table/t_chatmes_SBT_05_00_05.tbl,36,ok
table/t_chr_name.tbl,81,ok
table/t_chrdata.tbl,0,no_text
table/t_collision_info.tbl,0,no_text
table/t_condition_info.tbl,20,ok
table/t_constant_value.tbl,0,no_text
table/t_costume.tbl,0,no_text
table/t_dlc.tbl,114,ok
table/t_dlc_appid_convert.tbl,0,no_text
table/t_dungeon.tbl,0,no_text
table/t_dungeon_quest.tbl,60,ok
table/t_dungeon_result.tbl,0,no_text
table/t_effect.tbl,0,no_text
table/t_ending_production.tbl,170,ok
table/t_event.tbl,929,ok
table/t_event_box.tbl,0,no_text
table/t_event_day.tbl,0,no_text
table/t_evmes_00_00_00.tbl,18,ok
table/t_evmes_00_00_00_02.tbl,0,no_text
table/t_evmes_00_00_00_03.tbl,4,ok
table/t_evmes_00_00_01.tbl,24,ok
table/t_evmes_00_01_00.tbl,18,ok
table/t_evmes_00_01_02.tbl,2,ok
table/t_evmes_00_02_00.tbl,12,ok
table/t_evmes_00_02_01.tbl,5,ok
table/t_evmes_00_02_03.tbl,9,ok
table/t_evmes_00_03_00.tbl,14,ok
table/t_evmes_00_04_00.tbl,107,ok
table/t_evmes_01_00_00.tbl,1,ok
table/t_evmes_01_00_01.tbl,130,ok
table/t_evmes_01_00_02.tbl,57,ok
table/t_evmes_01_01_00.tbl,77,ok
table/t_evmes_01_02_00.tbl,16,ok
table/t_evmes_01_03_00.tbl,13,ok
table/t_evmes_01_03_01.tbl,62,ok
table/t_evmes_01_03_02.tbl,4,ok
table/t_evmes_01_04_00.tbl,2,ok
table/t_evmes_01_04_01.tbl,13,ok
table/t_evmes_01_05_00.tbl,3,ok
table/t_evmes_01_05_01.tbl,40,ok
table/t_evmes_01_06_00.tbl,26,ok
table/t_evmes_01_07_00.tbl,16,ok
table/t_evmes_01_08_00.tbl,12,ok
table/t_evmes_01_08_01.tbl,37,ok
table/t_evmes_01_09_00.tbl,7,ok
table/t_evmes_01_09_01.tbl,17,ok
table/t_evmes_01_10_00.tbl,131,ok
table/t_evmes_01_10_01.tbl,84,ok
table/t_evmes_01_11_00.tbl,45,ok
table/t_evmes_01_12_00.tbl,57,ok
table/t_evmes_01_12_01.tbl,47,ok
table/t_evmes_01_12_02.tbl,11,ok
table/t_evmes_01_13_00.tbl,15,ok
table/t_evmes_01_14_00.tbl,65,ok
table/t_evmes_01_15_00.tbl,7,ok
table/t_evmes_01_16_00.tbl,27,ok
table/t_evmes_01_17_00.tbl,34,ok
table/t_evmes_01_18_01.tbl,62,ok
table/t_evmes_01_18_03.tbl,21,ok
table/t_evmes_01_18_04.tbl,97,ok
table/t_evmes_01_19_00.tbl,18,ok
table/t_evmes_01_19_02.tbl,67,ok
table/t_evmes_01_20_00.tbl,25,ok
table/t_evmes_01_CL_00.tbl,57,ok
table/t_evmes_01_CL_01.tbl,58,ok
table/t_evmes_01_SUB_00.tbl,10,ok
table/t_evmes_01_SUB_01.tbl,0,no_text
table/t_evmes_01_SUB_02.tbl,3,ok
table/t_evmes_01_SUB_03_00.tbl,1,ok
table/t_evmes_01_SUB_03_01.tbl,9,ok
table/t_evmes_01_SUB_03_02.tbl,1,ok
table/t_evmes_01_SUB_03_03.tbl,2,ok
table/t_evmes_01_SUB_03_04.tbl,1,ok
table/t_evmes_01_SUB_04_00.tbl,1,ok
table/t_evmes_01_SUB_04_01.tbl,8,ok
table/t_evmes_01_SUB_04_02.tbl,1,ok
table/t_evmes_01_SUB_04_03.tbl,7,ok
table/t_evmes_01_SUB_04_04.tbl,1,ok
table/t_evmes_01_SUB_05_00.tbl,2,ok
table/t_evmes_01_SUB_05_01.tbl,6,ok
table/t_evmes_01_SUB_05_02.tbl,2,ok
table/t_evmes_01_SUB_06_00.tbl,1,ok
table/t_evmes_01_SUB_06_01.tbl,5,ok
table/t_evmes_01_SUB_06_02.tbl,2,ok
table/t_evmes_01_SUB_07.tbl,2,ok
table/t_evmes_01_SUB_08.tbl,2,ok
table/t_evmes_01_SUB_10_00.tbl,2,ok
table/t_evmes_01_SUB_10_01.tbl,5,ok
table/t_evmes_01_SUB_11.tbl,17,ok
table/t_evmes_01_SUB_13.tbl,3,ok
table/t_evmes_01_SUB_14.tbl,42,ok
table/t_evmes_01_SUB_15.tbl,30,ok
table/t_evmes_01_SUB_16.tbl,27,ok
table/t_evmes_01_SUB_17.tbl,3,ok
table/t_evmes_01_SUB_18.tbl,35,ok
table/t_evmes_01_SUB_19.tbl,4,ok
table/t_evmes_01_SUB_20.tbl,3,ok
table/t_evmes_01_SUB_21.tbl,4,ok
table/t_evmes_01_SUB_25.tbl,57,ok
table/t_evmes_01_SUB_27.tbl,17,ok
table/t_evmes_01_SUB_30.tbl,4,ok
table/t_evmes_01_SUB_31.tbl,3,ok
table/t_evmes_01_SUB_32.tbl,1,ok
table/t_evmes_01_SUB_33.tbl,3,ok
table/t_evmes_01_SUB_34.tbl,2,ok
table/t_evmes_01_SUB_35.tbl,4,ok
table/t_evmes_01_SUB_37.tbl,6,ok
table/t_evmes_01_SUB_38.tbl,1,ok
table/t_evmes_01_SUB_39.tbl,9,ok
table/t_evmes_01_SUB_40.tbl,2,ok
table/t_evmes_01_SUB_41.tbl,2,ok
table/t_evmes_01_SUB_42.tbl,0,no_text
table/t_evmes_01_SUB_44.tbl,2,ok
table/t_evmes_01_SUB_51.tbl,2,ok
table/t_evmes_01_SUB_52.tbl,1,ok
table/t_evmes_01_SUB_80.tbl,12,ok
table/t_evmes_01_TU_00.tbl,7,ok
table/t_evmes_01_TU_01.tbl,2,ok
table/t_evmes_01_TU_02.tbl,1,ok
table/t_evmes_01_TU_03.tbl,2,ok
table/t_evmes_01_TU_04.tbl,2,ok
table/t_evmes_01_TU_05.tbl,3,ok
table/t_evmes_01_TU_06.tbl,3,ok
table/t_evmes_01_TU_07.tbl,2,ok
table/t_evmes_01_TU_08.tbl,2,ok
table/t_evmes_01_TU_09.tbl,2,ok
table/t_evmes_01_TU_10.tbl,3,ok
table/t_evmes_01_TU_11.tbl,2,ok
table/t_evmes_01_TU_12.tbl,1,ok
table/t_evmes_01_TU_13.tbl,3,ok
table/t_evmes_01_TU_14.tbl,1,ok
table/t_evmes_01_TU_15.tbl,2,ok
table/t_evmes_01_TU_16.tbl,2,ok
table/t_evmes_01_TU_17.tbl,2,ok
table/t_evmes_01_TU_18.tbl,2,ok
table/t_evmes_01_TU_19.tbl,0,no_text
table/t_evmes_02_00_00.tbl,31,ok
table/t_evmes_02_01_00.tbl,7,ok
table/t_evmes_02_02_00.tbl,2,ok
table/t_evmes_02_02_01.tbl,0,no_text
table/t_evmes_02_02_02.tbl,11,ok
table/t_evmes_02_03_00.tbl,109,ok
table/t_evmes_02_04_00.tbl,47,ok
table/t_evmes_02_05_00.tbl,134,ok
table/t_evmes_02_06_00.tbl,4,ok
table/t_evmes_02_07_00.tbl,13,ok
table/t_evmes_02_07_01.tbl,2,ok
table/t_evmes_02_07_02.tbl,1,ok
table/t_evmes_02_07_03.tbl,3,ok
table/t_evmes_02_08_00.tbl,24,ok
table/t_evmes_02_09_00.tbl,162,ok
table/t_evmes_02_10_00.tbl,5,ok
table/t_evmes_02_11_00.tbl,65,ok
table/t_evmes_02_12_00.tbl,8,ok
table/t_evmes_02_13_00.tbl,12,ok
table/t_evmes_02_14_00.tbl,91,ok
table/t_evmes_02_15_00.tbl,54,ok
table/t_evmes_02_16_00.tbl,2,ok
table/t_evmes_02_17_00.tbl,91,ok
table/t_evmes_02_17_50.tbl,47,ok
table/t_evmes_02_18_00.tbl,113,ok
table/t_evmes_02_19_00.tbl,6,ok
table/t_evmes_02_20_00.tbl,10,ok
table/t_evmes_02_20_01.tbl,102,ok
table/t_evmes_02_21_00.tbl,47,ok
table/t_evmes_02_22_00.tbl,58,ok
table/t_evmes_02_22_01.tbl,24,ok
table/t_evmes_02_22_02.tbl,26,ok
table/t_evmes_02_23_00.tbl,10,ok
table/t_evmes_02_23_01.tbl,52,ok
table/t_evmes_02_24_00.tbl,83,ok
table/t_evmes_02_25_00.tbl,8,ok
table/t_evmes_02_26_00.tbl,3,ok
table/t_evmes_02_26_01.tbl,0,no_text
table/t_evmes_02_26_02.tbl,28,ok
table/t_evmes_02_27_00.tbl,23,ok
table/t_evmes_02_28_00.tbl,20,ok
table/t_evmes_02_29_00.tbl,65,ok
table/t_evmes_02_30_00.tbl,54,ok
table/t_evmes_02_30_01.tbl,4,ok
table/t_evmes_02_31_00.tbl,3,ok
table/t_evmes_02_32_00.tbl,1,ok
table/t_evmes_02_32_01.tbl,24,ok
table/t_evmes_02_32_02.tbl,0,no_text
table/t_evmes_02_32_03.tbl,19,ok
table/t_evmes_02_33_00.tbl,6,ok
table/t_evmes_02_33_01.tbl,0,no_text
table/t_evmes_02_33_02.tbl,10,ok
table/t_evmes_02_34_00.tbl,160,ok
table/t_evmes_02_35_00.tbl,34,ok
table/t_evmes_02_CL_00.tbl,38,ok
table/t_evmes_02_CL_01.tbl,18,ok
table/t_evmes_02_CL_02.tbl,9,ok
table/t_evmes_02_CL_04.tbl,8,ok
table/t_evmes_02_SUB_06.tbl,8,ok
table/t_evmes_02_SUB_07.tbl,3,ok
table/t_evmes_02_SUB_08.tbl,2,ok
table/t_evmes_02_SUB_09.tbl,2,ok
table/t_evmes_02_SUB_10.tbl,17,ok
table/t_evmes_02_SUB_11.tbl,4,ok
table/t_evmes_02_SUB_12.tbl,54,ok
table/t_evmes_02_SUB_16.tbl,2,ok
table/t_evmes_02_SUB_17.tbl,6,ok
table/t_evmes_02_SUB_18.tbl,1,ok
table/t_evmes_02_SUB_19.tbl,6,ok
table/t_evmes_02_SUB_27.tbl,1,ok
table/t_evmes_02_SUB_50.tbl,28,ok
table/t_evmes_02_SUB_51.tbl,23,ok
table/t_evmes_02_SUB_53.tbl,20,ok
table/t_evmes_02_SUB_54.tbl,18,ok
table/t_evmes_02_TU_00.tbl,5,ok
table/t_evmes_02_TU_01.tbl,7,ok
table/t_evmes_02_TU_02.tbl,7,ok
table/t_evmes_02_TU_03.tbl,6,ok
table/t_evmes_02_TU_04.tbl,3,ok
table/t_evmes_02_TU_05.tbl,5,ok
table/t_evmes_02_TU_06.tbl,1,ok
table/t_evmes_02_TU_07.tbl,3,ok
table/t_evmes_02_TU_08.tbl,2,ok
table/t_evmes_02_TU_09.tbl,5,ok
table/t_evmes_02_TU_10_00.tbl,49,ok
table/t_evmes_02_TU_10_01.tbl,33,ok
table/t_evmes_02_TU_11.tbl,1,ok
table/t_evmes_02_TU_12.tbl,2,ok
table/t_evmes_02_TU_13.tbl,2,ok
table/t_evmes_03_00_00.tbl,4,ok
table/t_evmes_03_00_01.tbl,27,ok
table/t_evmes_03_00_02.tbl,6,ok
table/t_evmes_03_01_00.tbl,62,ok
table/t_evmes_03_02_00.tbl,29,ok
table/t_evmes_03_03_00.tbl,16,ok
table/t_evmes_03_04_00.tbl,26,ok
table/t_evmes_03_04_01.tbl,0,no_text
table/t_evmes_03_04_02.tbl,31,ok
table/t_evmes_03_04_02_01.tbl,6,ok
table/t_evmes_03_04_03.tbl,0,no_text
table/t_evmes_03_04_04.tbl,27,ok
table/t_evmes_03_05_00.tbl,31,ok
table/t_evmes_03_06_00.tbl,52,ok
table/t_evmes_03_07_00.tbl,15,ok
table/t_evmes_03_08_00.tbl,133,ok
table/t_evmes_03_09_00.tbl,22,ok
table/t_evmes_03_10_00.tbl,47,ok
table/t_evmes_03_10_01.tbl,8,ok
table/t_evmes_03_10_02.tbl,30,ok
table/t_evmes_03_10_03.tbl,4,ok
table/t_evmes_03_11_00.tbl,83,ok
table/t_evmes_03_12_00.tbl,88,ok
table/t_evmes_03_13_00.tbl,46,ok
table/t_evmes_03_14_00.tbl,102,ok
table/t_evmes_03_15_00.tbl,16,ok
table/t_evmes_03_16_00.tbl,0,no_text
table/t_evmes_03_16_01.tbl,29,ok
table/t_evmes_03_17_00.tbl,56,ok
table/t_evmes_03_17_01.tbl,21,ok
table/t_evmes_03_17_02.tbl,40,ok
table/t_evmes_03_18_00.tbl,6,ok
table/t_evmes_03_18_01.tbl,31,ok
table/t_evmes_03_18_02.tbl,50,ok
table/t_evmes_03_19_00.tbl,18,ok
table/t_evmes_03_20_00.tbl,16,ok
table/t_evmes_03_21_00.tbl,32,ok
table/t_evmes_03_22_00.tbl,40,ok
table/t_evmes_03_23_00.tbl,0,no_text
table/t_evmes_03_23_01.tbl,15,ok
table/t_evmes_03_23_02.tbl,19,ok
table/t_evmes_03_24_00.tbl,0,no_text
table/t_evmes_03_24_01.tbl,8,ok
table/t_evmes_03_24_02.tbl,17,ok
table/t_evmes_03_25_00.tbl,21,ok
table/t_evmes_03_25_01.tbl,0,no_text
table/t_evmes_03_26_00.tbl,88,ok
table/t_evmes_03_27_00.tbl,0,no_text
table/t_evmes_03_27_01.tbl,18,ok
table/t_evmes_03_28_00.tbl,89,ok
table/t_evmes_03_28_01.tbl,0,no_text
table/t_evmes_03_28_02.tbl,8,ok
table/t_evmes_03_28_03.tbl,42,ok
table/t_evmes_03_29_00.tbl,28,ok
table/t_evmes_03_30_00.tbl,30,ok
table/t_evmes_03_CL_00.tbl,10,ok
table/t_evmes_03_CL_01.tbl,42,ok
table/t_evmes_03_CL_02.tbl,15,ok
table/t_evmes_03_CL_04.tbl,8,ok
table/t_evmes_03_CL_05.tbl,17,ok
table/t_evmes_03_SUB_00.tbl,3,ok
table/t_evmes_03_SUB_01.tbl,3,ok
table/t_evmes_03_SUB_02.tbl,14,ok
table/t_evmes_03_SUB_03.tbl,5,ok
table/t_evmes_03_SUB_04.tbl,2,ok
table/t_evmes_03_SUB_05.tbl,9,ok
table/t_evmes_03_SUB_06.tbl,10,ok
table/t_evmes_03_SUB_07.tbl,12,ok
table/t_evmes_03_SUB_10.tbl,15,ok
table/t_evmes_03_SUB_12.tbl,15,ok
table/t_evmes_03_SUB_13.tbl,8,ok
table/t_evmes_03_SUB_14.tbl,1,ok
table/t_evmes_03_SUB_15.tbl,4,ok
table/t_evmes_03_SUB_50.tbl,26,ok
table/t_evmes_03_SUB_51.tbl,17,ok
table/t_evmes_03_SUB_52.tbl,25,ok
table/t_evmes_03_SUB_53.tbl,25,ok
table/t_evmes_03_SUB_54.tbl,22,ok
table/t_evmes_03_TU_00.tbl,6,ok
table/t_evmes_03_TU_01.tbl,4,ok
table/t_evmes_03_TU_02.tbl,1,ok
table/t_evmes_03_TU_03.tbl,2,ok
table/t_evmes_04_00_00.tbl,49,ok
table/t_evmes_04_00_01.tbl,47,ok
table/t_evmes_04_00_02.tbl,73,ok
table/t_evmes_04_00_03.tbl,50,ok
table/t_evmes_04_01_00.tbl,14,ok
table/t_evmes_04_02_00.tbl,86,ok
table/t_evmes_04_03_00.tbl,11,ok
table/t_evmes_04_03_01.tbl,69,ok
table/t_evmes_04_03_02.tbl,57,ok
table/t_evmes_04_04_00.tbl,14,ok
table/t_evmes_04_05_00.tbl,58,ok
table/t_evmes_04_06_00.tbl,14,ok
table/t_evmes_04_06_01.tbl,19,ok
table/t_evmes_04_06_02.tbl,57,ok
table/t_evmes_04_06_03.tbl,58,ok
table/t_evmes_04_06_04.tbl,65,ok
table/t_evmes_04_07_00.tbl,20,ok
table/t_evmes_04_07_01.tbl,24,ok
table/t_evmes_04_07_02.tbl,38,ok
table/t_evmes_04_08_00.tbl,4,ok
table/t_evmes_04_09_00.tbl,34,ok
table/t_evmes_04_10_00.tbl,15,ok
table/t_evmes_04_10_01.tbl,6,ok
table/t_evmes_04_11_00.tbl,34,ok
table/t_evmes_04_11_01.tbl,6,ok
table/t_evmes_04_11_03.tbl,42,ok
table/t_evmes_04_11_04.tbl,15,ok
table/t_evmes_04_12_00.tbl,4,ok
table/t_evmes_04_12_01.tbl,4,ok
table/t_evmes_04_12_02.tbl,13,ok
table/t_evmes_04_12_02_01.tbl,11,ok
table/t_evmes_04_12_03.tbl,27,ok
table/t_evmes_04_13_00.tbl,101,ok
table/t_evmes_04_14_00.tbl,69,ok
table/t_evmes_04_15_00.tbl,22,ok
table/t_evmes_04_15_01.tbl,24,ok
table/t_evmes_04_15_02.tbl,2,ok
table/t_evmes_04_15_04.tbl,8,ok
table/t_evmes_04_16_00.tbl,70,ok
table/t_evmes_04_17_00.tbl,34,ok
table/t_evmes_04_18_00.tbl,32,ok
table/t_evmes_04_19_00.tbl,34,ok
table/t_evmes_04_19_01.tbl,23,ok
table/t_evmes_04_19_02.tbl,8,ok
table/t_evmes_04_20_00.tbl,7,ok
table/t_evmes_04_20_02.tbl,30,ok
table/t_evmes_04_21_00.tbl,122,ok
table/t_evmes_04_22_00.tbl,41,ok
table/t_evmes_04_23_00.tbl,55,ok
table/t_evmes_04_24_00.tbl,0,no_text
table/t_evmes_04_24_01.tbl,0,no_text
table/t_evmes_04_24_02.tbl,28,ok
table/t_evmes_04_25_00.tbl,0,no_text
table/t_evmes_04_25_01.tbl,18,ok
table/t_evmes_04_26_00.tbl,5,ok
table/t_evmes_04_27_00.tbl,84,ok
table/t_evmes_04_28_00.tbl,95,ok
table/t_evmes_04_29_00.tbl,37,ok
table/t_evmes_04_30_00.tbl,82,ok
table/t_evmes_04_31_00.tbl,73,ok
table/t_evmes_04_32_00.tbl,26,ok
table/t_evmes_04_CL_00.tbl,16,ok
table/t_evmes_04_CL_02.tbl,10,ok
table/t_evmes_04_CL_03.tbl,53,ok
table/t_evmes_04_CL_04.tbl,10,ok
table/t_evmes_04_SUB_00.tbl,4,ok
table/t_evmes_04_SUB_01.tbl,4,ok
table/t_evmes_04_SUB_02.tbl,3,ok
table/t_evmes_04_SUB_03.tbl,5,ok
table/t_evmes_04_SUB_04.tbl,25,ok
table/t_evmes_04_SUB_06.tbl,6,ok
table/t_evmes_04_SUB_07.tbl,1,ok
table/t_evmes_04_SUB_50.tbl,21,ok
table/t_evmes_04_SUB_51.tbl,22,ok
table/t_evmes_04_SUB_52.tbl,12,ok
table/t_evmes_04_SUB_53.tbl,11,ok
table/t_evmes_04_SUB_54.tbl,13,ok
table/t_evmes_04_TU_00_00.tbl,4,ok
table/t_evmes_04_TU_00_01.tbl,1,ok
table/t_evmes_04_TU_01.tbl,1,ok
table/t_evmes_04_TU_02.tbl,2,ok
table/t_evmes_05_00_00.tbl,8,ok
table/t_evmes_05_00_02.tbl,63,ok
table/t_evmes_05_01_00.tbl,35,ok
table/t_evmes_05_01_01.tbl,65,ok
table/t_evmes_05_02_00.tbl,86,ok
table/t_evmes_05_03_00.tbl,93,ok
table/t_evmes_05_04_00.tbl,131,ok
table/t_evmes_05_05_00.tbl,67,ok
table/t_evmes_05_06_00.tbl,45,ok
table/t_evmes_05_07_00.tbl,37,ok
table/t_evmes_05_08_00.tbl,30,ok
table/t_evmes_05_08_01.tbl,3,ok
table/t_evmes_05_09_00.tbl,46,ok
table/t_evmes_05_09_01.tbl,16,ok
table/t_evmes_05_09_02.tbl,10,ok
table/t_evmes_05_09_03.tbl,113,ok
table/t_evmes_05_10_00.tbl,61,ok
table/t_evmes_05_11_00.tbl,70,ok
table/t_evmes_05_12_00.tbl,12,ok
table/t_evmes_05_12_01.tbl,8,ok
table/t_evmes_05_13_00.tbl,24,ok
table/t_evmes_05_13_01.tbl,23,ok
table/t_evmes_05_14_00.tbl,61,ok
table/t_evmes_05_14_01.tbl,16,ok
table/t_evmes_05_14_03.tbl,68,ok
table/t_evmes_05_14_04.tbl,8,ok
table/t_evmes_05_14_05.tbl,9,ok
table/t_evmes_05_14_06.tbl,110,ok
table/t_evmes_05_14_07.tbl,8,ok
table/t_evmes_05_15_00.tbl,26,ok
table/t_evmes_05_15_01.tbl,45,ok
table/t_evmes_05_15_02.tbl,9,ok
table/t_evmes_05_15_03.tbl,0,no_text
table/t_evmes_05_15_04.tbl,14,ok
table/t_evmes_05_15_05.tbl,5,ok
table/t_evmes_05_15_06.tbl,8,ok
table/t_evmes_05_15_07.tbl,88,ok
table/t_evmes_05_16_00.tbl,32,ok
table/t_evmes_05_16_00_01.tbl,41,ok
table/t_evmes_05_16_01.tbl,59,ok
table/t_evmes_05_16_02.tbl,65,ok
table/t_evmes_05_17_00.tbl,5,ok
table/t_evmes_05_17_02.tbl,23,ok
table/t_evmes_05_18_00.tbl,57,ok
table/t_evmes_05_18_02.tbl,114,ok
table/t_evmes_05_18_04.tbl,20,ok
table/t_evmes_05_18_05.tbl,47,ok
table/t_evmes_05_19_00.tbl,143,ok
table/t_evmes_05_19_02.tbl,40,ok
table/t_evmes_05_19_02_00.tbl,4,ok
table/t_evmes_05_19_04.tbl,11,ok
table/t_evmes_05_19_05.tbl,10,ok
table/t_evmes_05_19_06.tbl,4,ok
table/t_evmes_05_19_07.tbl,34,ok
table/t_evmes_05_20_00.tbl,49,ok
table/t_evmes_05_20_02.tbl,14,ok
table/t_evmes_05_CL_00.tbl,10,ok
table/t_evmes_05_CL_01.tbl,33,ok
table/t_evmes_05_CL_02.tbl,27,ok
table/t_evmes_05_CL_04.tbl,12,ok
table/t_evmes_05_CL_05.tbl,64,ok
table/t_evmes_05_CL_06.tbl,18,ok
table/t_evmes_05_SUB_00.tbl,7,ok
table/t_evmes_05_SUB_01.tbl,2,ok
table/t_evmes_05_SUB_02.tbl,18,ok
table/t_evmes_05_SUB_03.tbl,2,ok
table/t_evmes_05_SUB_04.tbl,40,ok
table/t_evmes_05_SUB_05.tbl,15,ok
table/t_evmes_05_SUB_06.tbl,7,ok
table/t_evmes_05_SUB_07.tbl,1,ok
table/t_evmes_05_SUB_50.tbl,23,ok
table/t_evmes_05_SUB_51.tbl,28,ok
table/t_evmes_05_SUB_52.tbl,22,ok
table/t_evmes_05_SUB_53.tbl,16,ok
table/t_evmes_05_SUB_54.tbl,24,ok
table/t_evmes_05_SUB_55.tbl,16,ok
table/t_evmes_05_TU_00.tbl,5,ok
table/t_evmes_05_TU_01.tbl,1,ok
table/t_evmes_05_TU_02.tbl,2,ok
table/t_evmes_SBK_18_00_00.tbl,80,ok
table/t_evmes_SBK_18_01_00.tbl,106,ok
table/t_evmes_SBK_18_02_00.tbl,45,ok
table/t_evmes_SBK_18_02_01.tbl,9,ok
table/t_evmes_SBK_18_02_02.tbl,107,ok
table/t_evmes_SBK_18_02_03.tbl,33,ok
table/t_evmes_SBK_19_00_00.tbl,89,ok
table/t_evmes_SBK_19_01_00.tbl,40,ok
table/t_evmes_SBK_19_01_01.tbl,87,ok
table/t_evmes_SBK_19_02_00.tbl,139,ok
table/t_evmes_SBK_20_00_00.tbl,8,ok
table/t_evmes_SBK_20_00_01.tbl,24,ok
table/t_evmes_SBK_20_00_02.tbl,24,ok
table/t_evmes_SBK_20_01_00.tbl,26,ok
table/t_evmes_SBK_20_01_01.tbl,43,ok
table/t_evmes_SBK_20_02_00.tbl,6,ok
table/t_evmes_SBK_20_02_01.tbl,52,ok
table/t_evmes_SBK_20_02_02.tbl,20,ok
table/t_evmes_SBK_21_00_00.tbl,72,ok
table/t_evmes_SBK_21_01_00.tbl,106,ok
table/t_evmes_SBK_21_02_00.tbl,78,ok
table/t_evmes_SBK_22_00_00.tbl,55,ok
table/t_evmes_SBK_22_01_00.tbl,44,ok
table/t_evmes_SBK_22_02_00.tbl,8,ok
table/t_evmes_SBK_22_02_01.tbl,54,ok
table/t_evmes_SBK_23_00_00.tbl,114,ok
table/t_evmes_SBK_23_01_00.tbl,36,ok
table/t_evmes_SBK_23_01_01.tbl,14,ok
table/t_evmes_SBK_23_01_02.tbl,49,ok
table/t_evmes_SBK_23_02_00.tbl,53,ok
table/t_evmes_SBK_23_02_01.tbl,28,ok
table/t_evmes_SBK_23_02_02.tbl,4,ok
table/t_evmes_SBK_23_02_03.tbl,5,ok
table/t_evmes_SBK_23_02_04.tbl,2,ok
table/t_evmes_SBK_23_02_05.tbl,54,ok
table/t_evmes_SBT_01_00_00.tbl,50,ok
table/t_evmes_SBT_01_01_00.tbl,57,ok
table/t_evmes_SBT_01_02_00.tbl,96,ok
table/t_evmes_SBT_02_00_00.tbl,4,ok
table/t_evmes_SBT_02_00_01.tbl,67,ok
table/t_evmes_SBT_02_01_00.tbl,40,ok
table/t_evmes_SBT_02_01_01.tbl,72,ok
table/t_evmes_SBT_02_02_00.tbl,13,ok
table/t_evmes_SBT_02_02_01.tbl,21,ok
table/t_evmes_SBT_02_02_02.tbl,9,ok
table/t_evmes_SBT_02_02_03.tbl,54,ok
table/t_evmes_SBT_02_02_04.tbl,48,ok
table/t_evmes_SBT_03_00_00.tbl,1,ok
table/t_evmes_SBT_03_00_01.tbl,30,ok
table/t_evmes_SBT_03_00_02.tbl,47,ok
table/t_evmes_SBT_03_00_03.tbl,27,ok
table/t_evmes_SBT_03_00_04.tbl,36,ok
table/t_evmes_SBT_03_01_00.tbl,21,ok
table/t_evmes_SBT_03_01_01.tbl,23,ok
table/t_evmes_SBT_03_01_02.tbl,39,ok
table/t_evmes_SBT_03_02_00_00.tbl,2,ok
table/t_evmes_SBT_03_02_00_01.tbl,7,ok
table/t_evmes_SBT_03_02_01.tbl,18,ok
table/t_evmes_SBT_03_02_02_00.tbl,5,ok
table/t_evmes_SBT_03_02_02_01.tbl,11,ok
table/t_evmes_SBT_03_02_03.tbl,26,ok
table/t_evmes_SBT_03_02_04.tbl,35,ok
table/t_evmes_SBT_03_02_05.tbl,21,ok
table/t_evmes_SBT_04_00_00.tbl,11,ok
table/t_evmes_SBT_04_00_01.tbl,20,ok
table/t_evmes_SBT_04_00_02.tbl,17,ok
table/t_evmes_SBT_04_00_03.tbl,20,ok
table/t_evmes_SBT_04_00_04.tbl,46,ok
table/t_evmes_SBT_04_00_05.tbl,22,ok
table/t_evmes_SBT_04_01_00.tbl,29,ok
table/t_evmes_SBT_04_01_01.tbl,13,ok
table/t_evmes_SBT_04_01_02.tbl,82,ok
table/t_evmes_SBT_04_02_00.tbl,118,ok
table/t_evmes_SBT_05_00_00.tbl,11,ok
table/t_evmes_SBT_05_00_01.tbl,35,ok
table/t_evmes_SBT_05_00_02.tbl,67,ok
table/t_evmes_SBT_05_00_03.tbl,17,ok
table/t_evmes_SBT_05_00_04.tbl,2,ok
table/t_evmes_SBT_05_00_05.tbl,39,ok
table/t_evmes_SBT_06_00_00.tbl,50,ok
table/t_evmes_SBT_06_01_00.tbl,12,ok
table/t_evmes_SBT_06_01_01.tbl,19,ok
table/t_evmes_SBT_06_01_02.tbl,30,ok
table/t_evmes_SBT_06_01_03.tbl,18,ok
table/t_evmes_SBT_07_00_00.tbl,48,ok
table/t_evmes_SBT_07_01_00.tbl,65,ok
table/t_evmes_SBT_08_00_00.tbl,22,ok
table/t_evmes_SBT_08_00_01.tbl,32,ok
table/t_evmes_SBT_08_00_02.tbl,34,ok
table/t_evmes_SBT_08_00_03.tbl,18,ok
table/t_evmes_SBT_08_00_04.tbl,25,ok
table/t_evmes_SBT_08_00_05.tbl,18,ok
table/t_evmes_SBT_09_00_00.tbl,66,ok
table/t_evmes_SBT_09_01_00.tbl,60,ok
table/t_evmes_SBT_10_00_00.tbl,4,ok
table/t_evmes_SBT_10_00_01.tbl,4,ok
table/t_evmes_SBT_10_00_02.tbl,4,ok
table/t_evmes_SBT_10_00_03.tbl,4,ok
table/t_evmes_SBT_10_00_04.tbl,4,ok
table/t_evmes_SBT_10_00_05.tbl,101,ok
table/t_evmes_SBT_11_00_00.tbl,1,ok
table/t_evmes_SBT_11_00_01.tbl,75,ok
table/t_evmes_SBT_12_00_00.tbl,117,ok
table/t_evmes_SBT_12_01_00.tbl,7,ok
table/t_evmes_SBT_12_01_01.tbl,97,ok
table/t_evmes_SBT_13_00_00.tbl,5,ok
table/t_evmes_SBT_13_00_01.tbl,84,ok
table/t_evmes_SBT_14_00_00.tbl,29,ok
table/t_evmes_SBT_14_01_00.tbl,49,ok
table/t_evmes_SBT_14_02_00.tbl,22,ok
table/t_evmes_SBT_14_02_01.tbl,62,ok
table/t_evmes_SBT_15_00_00.tbl,133,ok
table/t_evmes_SBT_16_00_00.tbl,90,ok
table/t_evmes_SBT_16_01_00.tbl,84,ok
table/t_evmes_SBT_17_00_00.tbl,8,ok
table/t_evmes_SBT_17_00_01.tbl,53,ok
table/t_face_anime.tbl,61,ok
table/t_facility.tbl,30,ok
table/t_gourmet.tbl,7,ok
table/t_gourmet_note.tbl,2,ok
table/t_guardian.tbl,0,no_text
table/t_guardian_get.tbl,0,no_text
table/t_heal_object.tbl,0,no_text
table/t_help.tbl,531,ok
table/t_inc.tbl,0,no_text
table/t_item.tbl,1903,ok
table/t_keyword.tbl,346,ok
table/t_lookpoint.tbl,1006,ok
table/t_map_gimmick.tbl,0,no_text
table/t_map_name_production.tbl,13,ok
table/t_mapjump.tbl,207,ok
table/t_mapjump_dungeon.tbl,26,ok
table/t_marker.tbl,0,no_text
table/t_minimap.tbl,0,no_text
table/t_minimap_icon.tbl,0,no_text
table/t_mon_a0500.tbl,0,no_text
table/t_mon_a0501.tbl,0,no_text
table/t_mon_a1000.tbl,0,no_text
table/t_mon_a1001.tbl,0,no_text
table/t_mon_a1008.tbl,0,no_text
table/t_mon_a9010.tbl,0,no_text
table/t_mon_b0650.tbl,0,no_text
table/t_mon_c0016.tbl,0,no_text
table/t_mon_d0000.tbl,0,no_text
table/t_mon_d0000c.tbl,0,no_text
table/t_mon_d0000d.tbl,0,no_text
table/t_mon_d0010.tbl,0,no_text
table/t_mon_d0011.tbl,0,no_text
table/t_mon_d0015.tbl,0,no_text
table/t_mon_d0017.tbl,0,no_text
table/t_mon_d0018.tbl,0,no_text
table/t_mon_d0020.tbl,0,no_text
table/t_mon_d0050.tbl,0,no_text
table/t_mon_d0051.tbl,0,no_text
table/t_mon_d0052.tbl,0,no_text
table/t_mon_d0100.tbl,0,no_text
table/t_mon_d0110.tbl,0,no_text
table/t_mon_d0111.tbl,0,no_text
table/t_mon_d0200.tbl,0,no_text
table/t_mon_d0210.tbl,0,no_text
table/t_mon_d0211.tbl,0,no_text
table/t_mon_d0212.tbl,0,no_text
table/t_mon_d0300.tbl,0,no_text
table/t_mon_d0310.tbl,0,no_text
table/t_mon_d0312.tbl,0,no_text
table/t_mon_d0400.tbl,0,no_text
table/t_mon_d0410.tbl,0,no_text
table/t_mon_d0500.tbl,0,no_text
table/t_mon_d0510.tbl,0,no_text
table/t_mon_d0511.tbl,0,no_text
table/t_mon_d0600.tbl,0,no_text
table/t_mon_d0610.tbl,0,no_text
table/t_mon_d0650.tbl,0,no_text
table/t_mon_d0651.tbl,0,no_text
table/t_mon_d0652.tbl,0,no_text
table/t_mon_d0700.tbl,0,no_text
table/t_mon_d0800.tbl,0,no_text
table/t_mon_d0810.tbl,0,no_text
table/t_mon_d0811.tbl,0,no_text
table/t_mon_d0812.tbl,0,no_text
table/t_mon_d0900.tbl,0,no_text
table/t_mon_d0910.tbl,0,no_text
table/t_mon_d1000.tbl,0,no_text
table/t_mon_d1010.tbl,0,no_text
table/t_mon_d1100.tbl,0,no_text
table/t_mon_d1110.tbl,0,no_text
table/t_mon_d1111.tbl,0,no_text
table/t_mon_d1112.tbl,0,no_text
table/t_mon_e0300.tbl,0,no_text
table/t_monster_door.tbl,0,no_text
table/t_monster_note.tbl,528,ok
table/t_musubi.tbl,188,ok
table/t_name.tbl,531,ok
table/t_npc_a0500.tbl,0,no_text
table/t_npc_a1001.tbl,0,no_text
table/t_npc_a1004.tbl,0,no_text
table/t_npc_a1005.tbl,2,ok
table/t_npc_a1009.tbl,4,ok
table/t_npc_a1032.tbl,0,no_text
table/t_npc_a1041.tbl,49,ok
table/t_npc_a1042.tbl,12,ok
table/t_npc_a1043.tbl,27,ok
table/t_npc_a9012.tbl,0,no_text
table/t_npc_c0000.tbl,154,ok
table/t_npc_c0001.tbl,116,ok
table/t_npc_c0010.tbl,464,ok
table/t_npc_c0014.tbl,121,ok
table/t_npc_c0015.tbl,0,no_text
table/t_npc_c0020.tbl,264,ok
table/t_npc_c0031.tbl,0,no_text
table/t_npc_c0100.tbl,450,ok
table/t_npc_c0200.tbl,253,ok
table/t_npc_c0300.tbl,292,ok
table/t_npc_c0400.tbl,357,ok
table/t_npc_c0500.tbl,291,ok
table/t_npc_c0600.tbl,289,ok
table/t_npc_c0700.tbl,190,ok
table/t_npc_d0100.tbl,0,no_text
table/t_npc_d0200.tbl,0,no_text
table/t_npc_d0300.tbl,0,no_text
table/t_npc_d0400.tbl,0,no_text
table/t_npc_d0500.tbl,0,no_text
table/t_npc_d0600.tbl,0,no_text
table/t_npc_d0800.tbl,0,no_text
table/t_npc_d1000.tbl,0,no_text
table/t_npc_e9000.tbl,0,no_text
table/t_parttime.tbl,6,ok
table/t_place.tbl,246,ok
table/t_portrait.tbl,0,no_text
table/t_realtime_tutorial.tbl,471,ok
table/t_sacred_tree.tbl,108,ok
table/t_scene_actor.tbl,3,ok
table/t_scptxt_a1004.tbl,8,ok
table/t_scptxt_c0020.tbl,4,ok
table/t_scptxt_sys_sideview.tbl,3,ok
table/t_se.tbl,0,no_text
table/t_shop_equip.tbl,0,no_text
table/t_shop_medicine.tbl,0,no_text
table/t_shop_normal.tbl,167,ok
table/t_skill.tbl,48,ok
table/t_soul_ability_tree.tbl,276,ok
table/t_soul_device.tbl,0,no_text
table/t_soul_level.tbl,0,no_text
table/t_spot_character.tbl,0,no_text
table/t_spot_discovery.tbl,153,ok
table/t_spot_menu.tbl,138,ok
table/t_status.tbl,1243,ok
table/t_systemannounce.tbl,387,ok
table/t_tbox.tbl,0,no_text
table/t_team_name.tbl,452,ok
table/t_template_actor.tbl,0,no_text
table/t_text.tbl,1233,ok
table/t_time_change.tbl,0,no_text
table/t_tips.tbl,10,ok
table/t_todo.tbl,93,ok
table/t_uds.tbl,0,no_text
table/t_voice.tbl,0,no_text
table/t_voice_play.tbl,0,no_text
